Amazon_Prospecting_MediaCost,BingSearch_PaidSearchBrand_MediaCost,BingSearch_PaidSearchNonBrand_MediaCost,BingSearch_ShoppingAdsBrandNonBrand_MediaCost,CTV_Awareness_MediaCost,Criteo_Prospecting_MediaCost,Criteo_Retargeting_MediaCost,DV360_Prospecting_MediaCost,DV360_Retargeting_MediaCost,Facebook_MediaCost,GoogleSearch_NativeDiscoveryAds_MediaCost,GoogleSearch_PaidSearchBrand_MediaCost,GoogleSearch_PaidSearchNonBrand_MediaCost,GoogleSearch_ShoppingAdsBrandNonBrand_MediaCost,Influential_Awareness_MediaCost,Influential_Conversions_MediaCost,LinearTV_Awareness_MediaCost,Pinterest_Prospecting_MediaCost,Pinterest_Retargeting_MediaCost,Radio_Awareness_MediaCost,Snapchat_AddtoCartTeens_MediaCost,Snapchat_AddtoCartYoungAdults_MediaCost,Snapchat_Awareness_MediaCost,Snapchat_Conversions_MediaCost,Snapchat_ConversionsTeens_MediaCost,Snapchat_ConversionsYoungAdults_MediaCost,Snapchat_VideoViewsTeens_MediaCost,Snapchat_VideoViewsYoungAdults_MediaCost,TheTradeDesk_Prospecting_MediaCost,TheTradeDesk_Retargeting_MediaCost,Tinder_Prospecting_MediaCost,Twitch_Prospecting_MediaCost,YouTube_Prospecting_MediaCost,YouTube_Retargeting_MediaCost,Amazon_Prospecting_Impressions,BingSearch_PaidSearchBrand_Impressions,BingSearch_PaidSearchNonBrand_Impressions,BingSearch_ShoppingAdsBrandNonBrand_Impressions,CTV_Awareness_Impressions,Criteo_Prospecting_Impressions,Criteo_Retargeting_Impressions,DV360_Prospecting_Impressions,DV360_Retargeting_Impressions,Facebook_Impressions,GoogleSearch_NativeDiscoveryAds_Impressions,GoogleSearch_PaidSearchBrand_Impressions,GoogleSearch_PaidSearchNonBrand_Impressions,GoogleSearch_ShoppingAdsBrandNonBrand_Impressions,Influential_Awareness_Impressions,Influential_Conversions_Impressions,LinearTV_Awareness_Impressions,Pinterest_Prospecting_Impressions,Pinterest_Retargeting_Impressions,Radio_Awareness_Impressions,Snapchat_AddtoCartTeens_Impressions,Snapchat_AddtoCartYoungAdults_Impressions,Snapchat_Awareness_Impressions,Snapchat_Conversions_Impressions,Snapchat_ConversionsTeens_Impressions,Snapchat_ConversionsYoungAdults_Impressions,Snapchat_VideoViewsTeens_Impressions,Snapchat_VideoViewsYoungAdults_Impressions,TheTradeDesk_Prospecting_Impressions,TheTradeDesk_Retargeting_Impressions,Tinder_Prospecting_Impressions,Twitch_Prospecting_Impressions,YouTube_Prospecting_Impressions,YouTube_Retargeting_Impressions,Orders,holiday
0.0,547.94,52.28000000000001,81.46,0.0,0.0,0.0,0.0,0.0,24286.100009,0.0,6446.019999999999,1354.0700000000002,5126.509158,0.0,0.0,0.0,0.0,0.0,0.0,0.0,0.0,0.0,0.0,0.0,0.0,0.0,0.0,0.0,0.0,0.0,0.0,489.55649,477.99111700000003,0.0,4041.0,2927.0,8918.0,0.0,0.0,0.0,0.0,0.0,1809701.0,0.0,14178.0,11683.0,623558.0,0.0,0.0,0.0,0.0,0.0,0.0,0.0,0.0,0.0,0.0,0.0,0.0,0.0,0.0,0.0,0.0,0.0,0.0,178486.0,32850.0,938,0
0.0,597.0300000000001,51.160000000000004,152.6,0.0,0.0,0.0,0.0,0.0,25932.620023,0.0,6528.700000000001,1231.71,5335.255958,0.0,0.0,0.0,0.0,0.0,0.0,0.0,0.0,0.0,0.0,0.0,0.0,0.0,0.0,0.0,0.0,0.0,0.0,523.5515210000001,519.55488,0.0,4527.0,1702.0,8661.0,0.0,0.0,0.0,0.0,0.0,1840023.0,0.0,14214.0,12143.0,613825.0,0.0,0.0,0.0,0.0,0.0,0.0,0.0,0.0,0.0,0.0,0.0,0.0,0.0,0.0,0.0,0.0,0.0,0.0,141711.0,47905.0,908,0
0.0,572.0899999999999,51.84,116.57,0.0,0.0,0.0,0.0,0.0,28690.209994999997,0.0,7171.68,1348.85,5550.102235,0.0,0.0,0.0,0.0,0.0,0.0,0.0,0.0,0.0,0.0,0.0,0.0,0.0,0.0,0.0,0.0,0.0,0.0,503.536248,500.557356,0.0,4315.0,2319.0,8633.0,0.0,0.0,0.0,0.0,0.0,2212734.0,0.0,15087.0,12632.0,607857.0,0.0,0.0,0.0,0.0,0.0,0.0,0.0,0.0,0.0,0.0,0.0,0.0,0.0,0.0,0.0,0.0,0.0,0.0,135218.0,31667.0,1212,0
0.0,492.68000000000006,51.470000000000006,171.66,0.0,0.0,0.0,0.0,0.0,26063.229998999996,0.0,7273.720000000003,1336.9,5497.229459,0.0,0.0,0.0,0.0,0.0,0.0,0.0,0.0,0.0,0.0,0.0,0.0,0.0,0.0,0.0,0.0,0.0,0.0,509.359642,508.678889,0.0,4136.0,1872.0,7658.0,0.0,0.0,0.0,0.0,0.0,1603360.0,0.0,15235.0,13198.0,613804.0,0.0,0.0,0.0,0.0,0.0,0.0,0.0,0.0,0.0,0.0,0.0,0.0,0.0,0.0,0.0,0.0,0.0,0.0,135320.0,30392.0,1181,0
0.0,464.79000000000013,51.42,117.87,0.0,0.0,0.0,0.0,0.0,19000.510002000003,0.0,6374.209999999998,1227.13,5237.699667,0.0,0.0,0.0,0.0,0.0,0.0,0.0,0.0,0.0,0.0,0.0,0.0,0.0,0.0,0.0,0.0,0.0,0.0,482.76385400000004,486.63686699999994,0.0,3536.0,1477.0,7826.0,0.0,0.0,0.0,0.0,0.0,1029695.0,0.0,14296.0,13111.0,560281.0,0.0,0.0,0.0,0.0,0.0,0.0,0.0,0.0,0.0,0.0,0.0,0.0,0.0,0.0,0.0,0.0,0.0,0.0,109346.0,33901.0,1012,0
0.0,453.24,50.779999999999994,136.41,0.0,0.0,0.0,0.0,0.0,20429.659983999998,0.0,6266.250000000002,1303.29,4877.336631,0.0,0.0,0.0,0.0,0.0,0.0,0.0,0.0,0.0,0.0,0.0,0.0,0.0,0.0,0.0,0.0,0.0,0.0,489.2655880000001,496.912815,0.0,3292.0,2589.0,6503.0,0.0,0.0,0.0,0.0,0.0,1205068.0,0.0,13881.0,14148.0,551095.0,0.0,0.0,0.0,0.0,0.0,0.0,0.0,0.0,0.0,0.0,0.0,0.0,0.0,0.0,0.0,0.0,0.0,0.0,110631.0,39013.0,926,0
0.0,566.35,51.96,151.5,0.0,0.0,0.0,0.0,0.0,19601.730000000003,0.0,6997.210000000002,1702.97,5430.087496,0.0,0.0,0.0,0.0,0.0,0.0,0.0,0.0,0.0,0.0,0.0,0.0,0.0,0.0,0.0,0.0,0.0,0.0,486.96928099999997,496.045346,0.0,4109.0,2278.0,6874.0,0.0,0.0,0.0,0.0,0.0,1264560.0,0.0,15482.0,17011.0,529988.0,0.0,0.0,0.0,0.0,0.0,0.0,0.0,0.0,0.0,0.0,0.0,0.0,0.0,0.0,0.0,0.0,0.0,0.0,131942.0,36862.0,1035,0
0.0,746.6500000000003,50.6,143.98,0.0,0.0,0.0,0.0,0.0,15463.71,0.0,7725.290000000001,1533.22,5412.781193,0.0,0.0,0.0,0.0,0.0,0.0,0.0,0.0,0.0,0.0,0.0,0.0,0.0,0.0,0.0,0.0,0.0,0.0,488.440403,495.182587,0.0,4526.0,2125.0,10637.0,0.0,0.0,0.0,0.0,0.0,975737.0,0.0,17282.0,15877.0,566404.0,0.0,0.0,0.0,0.0,0.0,0.0,0.0,0.0,0.0,0.0,0.0,0.0,0.0,0.0,0.0,0.0,0.0,0.0,168958.0,32626.0,970,0
0.0,681.0100000000001,50.680000000000014,141.7,0.0,0.0,0.0,0.0,0.0,16562.370001000003,0.0,7526.959999999999,1426.9899999999998,4961.466473,0.0,0.0,0.0,0.0,0.0,0.0,0.0,0.0,0.0,0.0,0.0,0.0,0.0,0.0,0.0,0.0,0.0,0.0,499.10657000000003,488.88926000000004,0.0,3735.0,2051.0,10385.0,0.0,0.0,0.0,0.0,0.0,1034939.0,0.0,16090.0,15478.0,566359.0,0.0,0.0,0.0,0.0,0.0,0.0,0.0,0.0,0.0,0.0,0.0,0.0,0.0,0.0,0.0,0.0,0.0,0.0,193489.0,33597.0,853,0
0.0,618.4699999999999,51.32999999999999,144.39,0.0,0.0,0.0,0.0,0.0,21884.489993000003,0.0,6730.2699999999995,1055.52,5243.889015,0.0,0.0,0.0,0.0,0.0,0.0,0.0,0.0,0.0,0.0,0.0,0.0,0.0,0.0,0.0,0.0,0.0,0.0,471.604229,481.61849600000005,0.0,5292.0,1860.0,10544.0,0.0,0.0,0.0,0.0,0.0,1416033.0,0.0,15773.0,12545.0,564226.0,0.0,0.0,0.0,0.0,0.0,0.0,0.0,0.0,0.0,0.0,0.0,0.0,0.0,0.0,0.0,0.0,0.0,0.0,62250.0,29561.0,924,0
0.0,617.6000000000001,50.19,154.5,0.0,0.0,0.0,0.0,0.0,21628.340002,0.0,6720.160000000002,878.71,5103.127558,0.0,0.0,0.0,0.0,0.0,0.0,0.0,0.0,0.0,0.0,0.0,0.0,0.0,0.0,0.0,0.0,0.0,0.0,476.887639,481.75397999999996,0.0,4996.0,1741.0,8808.0,0.0,0.0,0.0,0.0,0.0,1423290.0,0.0,14336.0,11088.0,557533.0,0.0,0.0,0.0,0.0,0.0,0.0,0.0,0.0,0.0,0.0,0.0,0.0,0.0,0.0,0.0,0.0,0.0,0.0,120422.0,26872.0,901,0
0.0,515.2600000000002,51.65,144.71,0.0,0.0,0.0,0.0,0.0,20602.819999000003,795.97,5908.779999999999,749.2099999999999,4551.912136,0.0,0.0,0.0,0.0,0.0,0.0,0.0,0.0,0.0,0.0,0.0,0.0,0.0,0.0,0.0,0.0,0.0,0.0,489.539693,482.218147,0.0,4431.0,2777.0,7441.0,0.0,0.0,0.0,0.0,0.0,1365803.0,235287.0,12428.0,9917.0,508023.0,0.0,0.0,0.0,0.0,0.0,0.0,0.0,0.0,0.0,0.0,0.0,0.0,0.0,0.0,0.0,0.0,0.0,0.0,74543.0,28409.0,812,0
0.0,419.14000000000004,48.620000000000005,122.83,0.0,0.0,0.0,0.0,0.0,20914.159994,0.0,5510.51,747.9799999999999,4879.122144,0.0,0.0,0.0,0.0,0.0,0.0,0.0,0.0,0.0,0.0,0.0,0.0,0.0,0.0,0.0,0.0,0.0,0.0,0.0,482.435907,0.0,2725.0,2339.0,5950.0,0.0,0.0,0.0,0.0,0.0,1557658.0,0.0,11375.0,9800.0,538096.0,0.0,0.0,0.0,0.0,0.0,0.0,0.0,0.0,0.0,0.0,0.0,0.0,0.0,0.0,0.0,0.0,0.0,0.0,0.0,34772.0,769,0
0.0,382.6699999999999,51.919999999999995,102.85,0.0,0.0,0.0,0.0,0.0,20502.440006,0.0,5660.489999999997,873.25,5739.022392,0.0,0.0,0.0,0.0,0.0,0.0,0.0,0.0,0.0,0.0,0.0,0.0,0.0,0.0,0.0,0.0,0.0,0.0,0.0,486.529476,0.0,2870.0,2435.0,6677.0,0.0,0.0,0.0,0.0,0.0,1567260.0,0.0,12787.0,12301.0,584275.0,0.0,0.0,0.0,0.0,0.0,0.0,0.0,0.0,0.0,0.0,0.0,0.0,0.0,0.0,0.0,0.0,0.0,0.0,0.0,49756.0,862,0
0.0,450.79,45.83,142.6,0.0,0.0,0.0,0.0,0.0,23113.849993999997,0.0,5788.29,727.24,5279.475036,0.0,0.0,0.0,0.0,0.0,0.0,0.0,0.0,0.0,0.0,0.0,0.0,0.0,0.0,0.0,0.0,0.0,0.0,0.0,491.598598,0.0,3685.0,1878.0,8650.0,0.0,0.0,0.0,0.0,0.0,1262742.0,0.0,13085.0,11331.0,557214.0,0.0,0.0,0.0,0.0,0.0,0.0,0.0,0.0,0.0,0.0,0.0,0.0,0.0,0.0,0.0,0.0,0.0,0.0,0.0,51303.0,776,0
0.0,506.3,33.6,122.47,0.0,0.0,0.0,0.0,0.0,16812.379997999993,0.0,5892.049999999998,1033.71,5043.408478,0.0,0.0,0.0,0.0,0.0,0.0,0.0,0.0,0.0,0.0,0.0,0.0,0.0,0.0,0.0,0.0,0.0,0.0,0.0,478.232636,0.0,4119.0,1590.0,8372.0,0.0,0.0,0.0,0.0,0.0,1117592.0,0.0,12875.0,12775.0,561618.0,0.0,0.0,0.0,0.0,0.0,0.0,0.0,0.0,0.0,0.0,0.0,0.0,0.0,0.0,0.0,0.0,0.0,0.0,0.0,43084.0,773,0
0.0,367.4100000000001,47.28999999999999,86.43,0.0,0.0,0.0,0.0,0.0,34326.620021999996,0.0,6113.680000000001,1360.54,5016.243343,0.0,0.0,0.0,0.0,0.0,0.0,0.0,0.0,0.0,0.0,0.0,0.0,0.0,0.0,0.0,0.0,0.0,0.0,0.0,478.96157200000005,0.0,3925.0,2540.0,8289.0,0.0,0.0,0.0,0.0,0.0,1753083.0,0.0,12846.0,13052.0,544789.0,0.0,0.0,0.0,0.0,0.0,0.0,0.0,0.0,0.0,0.0,0.0,0.0,0.0,0.0,0.0,0.0,0.0,0.0,0.0,36543.0,756,0
0.0,430.50000000000006,46.169999999999995,142.6,0.0,0.0,0.0,0.0,0.0,20028.049984,0.0,5992.550000000003,893.7299999999999,4941.477552,0.0,0.0,0.0,0.0,0.0,0.0,0.0,0.0,0.0,0.0,0.0,0.0,0.0,0.0,0.0,0.0,0.0,0.0,0.0,505.541312,0.0,4793.0,2563.0,8441.0,0.0,0.0,0.0,0.0,0.0,1245638.0,0.0,12274.0,10742.0,564395.0,0.0,0.0,0.0,0.0,0.0,0.0,0.0,0.0,0.0,0.0,0.0,0.0,0.0,0.0,0.0,0.0,0.0,0.0,0.0,47578.0,750,0
0.0,354.74000000000007,37.37,140.17,0.0,0.0,0.0,0.0,0.0,19180.319996,0.0,5241.110000000001,947.3399999999999,4924.24254,0.0,0.0,0.0,0.0,0.0,0.0,0.0,0.0,0.0,0.0,0.0,0.0,0.0,0.0,0.0,0.0,0.0,0.0,0.0,506.743678,0.0,3537.0,2150.0,6821.0,0.0,0.0,0.0,0.0,0.0,1475193.0,0.0,11335.0,9989.0,584482.0,0.0,0.0,0.0,0.0,0.0,0.0,0.0,0.0,0.0,0.0,0.0,0.0,0.0,0.0,0.0,0.0,0.0,0.0,0.0,54008.0,744,0
0.0,271.04999999999995,45.900000000000006,82.22,0.0,0.0,0.0,0.0,0.0,17645.199995,0.0,4966.82,1011.2,4785.307602,0.0,0.0,0.0,0.0,0.0,0.0,0.0,0.0,0.0,0.0,0.0,0.0,0.0,0.0,0.0,0.0,0.0,0.0,0.0,505.99643999999995,0.0,3987.0,2581.0,7096.0,0.0,0.0,0.0,0.0,0.0,1401627.0,0.0,10557.0,8981.0,549223.0,0.0,0.0,0.0,0.0,0.0,0.0,0.0,0.0,0.0,0.0,0.0,0.0,0.0,0.0,0.0,0.0,0.0,0.0,0.0,56901.0,674,0
0.0,289.96999999999997,42.089999999999996,88.36,0.0,0.0,0.0,0.0,0.0,17330.170000000002,0.0,4877.609999999999,950.49,5474.012732,0.0,0.0,0.0,0.0,0.0,0.0,0.0,0.0,0.0,0.0,0.0,0.0,0.0,0.0,0.0,0.0,0.0,0.0,0.0,506.31301700000006,0.0,4249.0,1979.0,7747.0,0.0,0.0,0.0,0.0,0.0,1540153.0,0.0,10320.0,9619.0,604263.0,0.0,0.0,0.0,0.0,0.0,0.0,0.0,0.0,0.0,0.0,0.0,0.0,0.0,0.0,0.0,0.0,0.0,0.0,0.0,55632.0,727,0
0.0,425.27000000000015,44.08,135.26,0.0,0.0,0.0,0.0,0.0,16955.299989,0.0,6172.479999999999,1100.4799999999998,5916.825273,0.0,0.0,0.0,0.0,0.0,0.0,0.0,0.0,0.0,0.0,0.0,0.0,0.0,0.0,0.0,0.0,0.0,0.0,0.0,512.6075010000001,0.0,5624.0,2603.0,8164.0,0.0,0.0,0.0,0.0,0.0,1411306.0,0.0,13623.0,10573.0,652253.0,0.0,0.0,0.0,0.0,0.0,0.0,0.0,0.0,0.0,0.0,0.0,0.0,0.0,0.0,0.0,0.0,0.0,0.0,0.0,56020.0,777,0
0.0,467.78999999999996,23.59,108.82,0.0,0.0,0.0,0.0,0.0,17521.3,0.0,5990.139999999999,933.0,5523.814878,0.0,0.0,0.0,0.0,0.0,0.0,0.0,0.0,0.0,0.0,0.0,0.0,0.0,0.0,0.0,0.0,0.0,0.0,0.0,506.574058,0.0,4925.0,2432.0,7473.0,0.0,0.0,0.0,0.0,0.0,1454573.0,0.0,13298.0,10157.0,657756.0,0.0,0.0,0.0,0.0,0.0,0.0,0.0,0.0,0.0,0.0,0.0,0.0,0.0,0.0,0.0,0.0,0.0,0.0,0.0,58227.0,768,0
0.0,465.75000000000017,52.39,117.29,0.0,0.0,0.0,0.0,0.0,13496.139998999999,0.0,5940.5,905.83,5294.765297,0.0,0.0,0.0,0.0,0.0,0.0,0.0,0.0,0.0,0.0,0.0,0.0,0.0,0.0,0.0,0.0,0.0,0.0,0.0,505.934237,0.0,5438.0,2119.0,7949.0,0.0,0.0,0.0,0.0,0.0,875424.0,0.0,13119.0,9461.0,639657.0,0.0,0.0,0.0,0.0,0.0,0.0,0.0,0.0,0.0,0.0,0.0,0.0,0.0,0.0,0.0,0.0,0.0,0.0,0.0,53849.0,823,0
0.0,545.83,43.480000000000004,117.94,0.0,0.0,0.0,0.0,0.0,11869.000004,0.0,5933.230000000001,726.0699999999999,5127.867925,0.0,0.0,0.0,0.0,0.0,0.0,0.0,0.0,0.0,0.0,0.0,0.0,0.0,0.0,0.0,0.0,0.0,0.0,991.3128200000001,997.922877,0.0,5083.0,2556.0,7911.0,0.0,0.0,0.0,0.0,0.0,745326.0,0.0,12704.0,10230.0,600628.0,0.0,0.0,0.0,0.0,0.0,0.0,0.0,0.0,0.0,0.0,0.0,0.0,0.0,0.0,0.0,0.0,0.0,0.0,190077.0,75759.0,752,0
0.0,408.81999999999994,50.3,76.68,0.0,0.0,0.0,0.0,0.0,12690.610002000001,664.81,5706.109399999999,713.79,4942.366914,0.0,0.0,0.0,0.0,0.0,0.0,0.0,0.0,0.0,0.0,0.0,0.0,0.0,0.0,0.0,0.0,0.0,0.0,976.101011,998.696955,0.0,5017.0,2411.0,6311.0,0.0,0.0,0.0,0.0,0.0,905925.0,199911.0,12172.0,8722.0,622006.0,0.0,0.0,0.0,0.0,0.0,0.0,0.0,0.0,0.0,0.0,0.0,0.0,0.0,0.0,0.0,0.0,0.0,0.0,216767.0,76234.0,653,0
0.0,504.33000000000004,26.81,83.42,0.0,0.0,0.0,0.0,0.0,12065.029998000002,729.022769,5522.67,718.51,5985.746088,0.0,0.0,0.0,0.0,0.0,0.0,0.0,0.0,0.0,0.0,0.0,0.0,0.0,0.0,0.0,0.0,0.0,0.0,974.484448,997.712303,0.0,4658.0,2168.0,5146.0,0.0,0.0,0.0,0.0,0.0,827214.0,136724.0,11999.0,8700.0,711445.0,0.0,0.0,0.0,0.0,0.0,0.0,0.0,0.0,0.0,0.0,0.0,0.0,0.0,0.0,0.0,0.0,0.0,0.0,189226.0,73924.0,643,0
0.0,408.52000000000004,46.34,104.35,0.0,0.0,0.0,0.0,0.0,14927.759993999998,684.356963,6258.630000000002,831.39,6697.349189,0.0,0.0,0.0,0.0,0.0,0.0,0.0,0.0,0.0,0.0,0.0,0.0,0.0,0.0,0.0,0.0,0.0,0.0,976.1291990000001,1008.8252749999999,0.0,4738.0,2358.0,5836.0,0.0,0.0,0.0,0.0,0.0,1134701.0,190627.0,13622.0,9713.0,769208.0,0.0,0.0,0.0,0.0,0.0,0.0,0.0,0.0,0.0,0.0,0.0,0.0,0.0,0.0,0.0,0.0,0.0,0.0,263971.0,78002.0,825,0
0.0,503.46000000000004,40.05,104.07,0.0,0.0,0.0,0.0,0.0,11862.360005,0.0,6205.989999999998,623.07,6054.550326,0.0,0.0,0.0,0.0,0.0,0.0,0.0,0.0,0.0,0.0,0.0,0.0,0.0,0.0,0.0,0.0,0.0,0.0,973.884037,1006.6067800000001,0.0,7593.0,2836.0,7517.0,0.0,0.0,0.0,0.0,0.0,822167.0,0.0,14325.0,8801.0,711721.0,0.0,0.0,0.0,0.0,0.0,0.0,0.0,0.0,0.0,0.0,0.0,0.0,0.0,0.0,0.0,0.0,0.0,0.0,298449.0,76635.0,713,0
0.0,569.71,36.5,123.41,0.0,0.0,0.0,0.0,0.0,11371.440004,0.0,6358.599999999999,746.48,5728.735747,0.0,0.0,0.0,0.0,0.0,0.0,0.0,0.0,0.0,0.0,0.0,0.0,0.0,0.0,0.0,0.0,0.0,0.0,965.290682,997.1537940000001,0.0,6975.0,2686.0,6876.0,0.0,0.0,0.0,0.0,0.0,648687.0,0.0,13882.0,8636.0,733536.0,0.0,0.0,0.0,0.0,0.0,0.0,0.0,0.0,0.0,0.0,0.0,0.0,0.0,0.0,0.0,0.0,0.0,0.0,269289.0,74211.0,719,0
0.0,667.5500000000002,46.74,93.7,0.0,0.0,0.0,0.0,0.0,13072.629984000001,0.0,6599.979999999998,619.54,6736.292773,0.0,0.0,0.0,0.0,0.0,0.0,0.0,0.0,0.0,0.0,0.0,0.0,0.0,0.0,0.0,0.0,0.0,0.0,951.7880240000001,999.140472,0.0,7015.0,2761.0,6480.0,0.0,0.0,0.0,0.0,0.0,847297.0,0.0,13916.0,8189.0,799020.0,0.0,0.0,0.0,0.0,0.0,0.0,0.0,0.0,0.0,0.0,0.0,0.0,0.0,0.0,0.0,0.0,0.0,0.0,280387.0,79416.0,785,0
0.0,647.95,44.160000000000004,107.44,0.0,0.0,0.0,0.0,0.0,13838.339993,0.0,6488.25,582.1600000000001,5509.900505,0.0,0.0,0.0,0.0,0.0,0.0,0.0,0.0,0.0,0.0,0.0,0.0,0.0,0.0,0.0,0.0,0.0,0.0,404.033133,996.5859170000001,0.0,7395.0,2858.0,6990.0,0.0,0.0,0.0,0.0,0.0,792839.0,0.0,14208.0,7141.0,697583.0,0.0,0.0,0.0,0.0,0.0,0.0,0.0,0.0,0.0,0.0,0.0,0.0,0.0,0.0,0.0,0.0,0.0,0.0,84879.0,78032.0,754,0
0.0,540.1999999999999,47.019999999999996,106.25,0.0,0.0,0.0,0.0,0.0,11637.319996999999,0.0,5824.139999999999,757.0200000000001,4939.223213,0.0,0.0,0.0,0.0,0.0,0.0,0.0,0.0,0.0,0.0,0.0,0.0,0.0,0.0,0.0,0.0,0.0,0.0,92.70859999999999,1002.55756,0.0,6948.0,3009.0,6452.0,0.0,0.0,0.0,0.0,0.0,727329.0,0.0,12668.0,10156.0,654037.0,0.0,0.0,0.0,0.0,0.0,0.0,0.0,0.0,0.0,0.0,0.0,0.0,0.0,0.0,0.0,0.0,0.0,0.0,20231.0,77632.0,715,0
0.0,527.5799999999999,39.510000000000005,59.36,0.0,0.0,0.0,0.0,0.0,15155.590013,0.0,5335.219999999997,1260.7900000000006,5264.390844,0.0,0.0,0.0,0.0,0.0,0.0,0.0,0.0,0.0,0.0,0.0,0.0,0.0,0.0,0.0,0.0,0.0,0.0,97.826387,1000.072733,0.0,5589.0,3091.0,4921.0,0.0,0.0,0.0,0.0,0.0,1011210.0,0.0,11514.0,15307.0,650038.0,0.0,0.0,0.0,0.0,0.0,0.0,0.0,0.0,0.0,0.0,0.0,0.0,0.0,0.0,0.0,0.0,0.0,0.0,23153.0,76810.0,649,0
0.0,732.6000000000001,41.050000000000004,84.48,0.0,0.0,0.0,0.0,0.0,14170.630011999998,0.0,6371.970000000002,1478.4300000000005,5964.134407,0.0,0.0,0.0,0.0,0.0,0.0,0.0,0.0,0.0,0.0,0.0,0.0,0.0,0.0,0.0,0.0,0.0,0.0,101.33125799999999,1009.4278959999999,0.0,6112.0,3023.0,4993.0,0.0,0.0,0.0,0.0,0.0,928697.0,0.0,13372.0,20011.0,750535.0,0.0,0.0,0.0,0.0,0.0,0.0,0.0,0.0,0.0,0.0,0.0,0.0,0.0,0.0,0.0,0.0,0.0,0.0,24751.0,77252.0,800,0
0.0,801.8,69.52000000000001,88.54,0.0,0.0,0.0,7994.72,93.45999999999998,15125.740015,0.0,6572.910000000001,1373.43,5345.536576,0.0,0.0,0.0,0.0,0.0,0.0,0.0,0.0,0.0,0.0,0.0,0.0,0.0,0.0,0.0,0.0,0.0,0.0,102.066412,1008.6913030000001,0.0,7864.0,3581.0,6278.0,0.0,0.0,0.0,1924383.0,6058.0,933860.0,0.0,14193.0,17377.0,704246.0,0.0,0.0,0.0,0.0,0.0,0.0,0.0,0.0,0.0,0.0,0.0,0.0,0.0,0.0,0.0,0.0,0.0,0.0,18115.0,75852.0,741,0
0.0,815.7299999999999,68.28000000000002,82.12,0.0,0.0,0.0,13943.779999999999,2971.5599999999995,9444.810003999999,0.0,5653.299999999999,1225.6899999999998,5176.472008,0.0,0.0,0.0,0.0,0.0,0.0,0.0,0.0,0.0,0.0,0.0,0.0,0.0,0.0,0.0,0.0,0.0,0.0,73.896959,563.039382,0.0,8454.0,3563.0,6619.0,0.0,0.0,0.0,2782125.0,191947.0,199780.0,0.0,13091.0,15312.0,680439.0,0.0,0.0,0.0,0.0,0.0,0.0,0.0,0.0,0.0,0.0,0.0,0.0,0.0,0.0,0.0,0.0,0.0,0.0,12098.0,38427.0,646,0
0.0,880.9799999999998,49.72,30.51,0.0,0.0,0.0,13877.990000000002,3071.6999999999994,0.0,0.0,5845.129999999999,1071.96,5692.313185,0.0,0.0,0.0,0.0,0.0,0.0,0.0,0.0,0.0,0.0,0.0,0.0,0.0,0.0,0.0,0.0,0.0,0.0,0.0,0.0,0.0,7353.0,3442.0,2245.0,0.0,0.0,0.0,2148012.0,195985.0,0.0,0.0,12812.0,14923.0,693984.0,0.0,0.0,0.0,0.0,0.0,0.0,0.0,0.0,0.0,0.0,0.0,0.0,0.0,0.0,0.0,0.0,0.0,0.0,0.0,0.0,645,0
0.0,1199.6,65.38999999999999,91.41,0.0,0.0,0.0,13545.640000000001,2678.2100000000005,1399.5199999999998,0.0,6043.2,945.3099999999998,5329.967704,0.0,0.0,0.0,0.0,0.0,0.0,0.0,0.0,0.0,0.0,0.0,0.0,0.0,0.0,0.0,0.0,0.0,0.0,0.0,0.0,0.0,16142.0,3756.0,5829.0,0.0,0.0,0.0,1822074.0,164309.0,44700.0,0.0,12294.0,12803.0,643825.0,0.0,0.0,0.0,0.0,0.0,0.0,0.0,0.0,0.0,0.0,0.0,0.0,0.0,0.0,0.0,0.0,0.0,0.0,0.0,0.0,626,0
0.0,726.87,47.550000000000004,65.85,0.0,0.0,0.0,13019.27,2328.48,5145.869999000001,0.0,4897.39,742.4799999999998,5012.902857,0.0,0.0,0.0,0.0,0.0,0.0,0.0,0.0,0.0,0.0,0.0,0.0,0.0,0.0,0.0,0.0,0.0,0.0,0.0,397.197396,0.0,12228.0,3399.0,4256.0,0.0,0.0,0.0,3631285.0,144893.0,180656.0,0.0,11204.0,10227.0,617929.0,0.0,0.0,0.0,0.0,0.0,0.0,0.0,0.0,0.0,0.0,0.0,0.0,0.0,0.0,0.0,0.0,0.0,0.0,0.0,31937.0,627,0
0.0,769.5999999999996,46.65,62.99,0.0,0.0,0.0,9292.86,1902.9900000000002,5923.0700099999995,0.0,4844.019999999999,980.6999999999997,4983.47491,0.0,0.0,0.0,0.0,0.0,0.0,0.0,0.0,0.0,0.0,0.0,0.0,0.0,0.0,0.0,0.0,0.0,0.0,0.0,1969.1181370000002,0.0,12272.0,3321.0,3415.0,0.0,0.0,0.0,2905420.0,119088.0,203453.0,0.0,9744.0,10618.0,615878.0,0.0,0.0,0.0,0.0,0.0,0.0,0.0,0.0,0.0,0.0,0.0,0.0,0.0,0.0,0.0,0.0,0.0,0.0,0.0,86148.0,525,0
0.0,819.5700000000002,67.32999999999997,92.67,0.0,0.0,0.0,9620.87,2004.4899999999996,5729.000007000001,0.0,5462.120000000001,1408.3300000000002,5554.947476,0.0,0.0,0.0,0.0,0.0,0.0,0.0,0.0,0.0,0.0,0.0,0.0,0.0,0.0,0.0,0.0,0.0,0.0,0.0,1207.946279,0.0,9313.0,4126.0,3671.0,0.0,0.0,0.0,3516733.0,120856.0,211017.0,0.0,11077.0,15684.0,689890.0,0.0,0.0,0.0,0.0,0.0,0.0,0.0,0.0,0.0,0.0,0.0,0.0,0.0,0.0,0.0,0.0,0.0,0.0,0.0,66577.0,678,0
0.0,1481.0300000000004,88.24999999999997,99.69,0.0,0.0,0.0,13489.07,2148.04,5456.259996000002,0.0,5704.25,1062.5100000000002,5831.322383,0.0,0.0,0.0,0.0,0.0,0.0,0.0,0.0,0.0,0.0,0.0,0.0,0.0,0.0,0.0,0.0,0.0,0.0,0.0,1171.139963,0.0,17216.0,3370.0,5862.0,0.0,0.0,0.0,3335673.0,128922.0,202126.0,0.0,12472.0,13821.0,655907.0,0.0,0.0,0.0,0.0,0.0,0.0,0.0,0.0,0.0,0.0,0.0,0.0,0.0,0.0,0.0,0.0,0.0,0.0,0.0,70641.0,617,0
0.0,1410.37,88.14999999999999,101.45,0.0,0.0,0.0,10046.97,1944.9400000000003,7364.670008000001,0.0,4890.099999999999,1446.5399999999993,5272.022263,0.0,0.0,0.0,0.0,0.0,0.0,0.0,0.0,0.0,0.0,0.0,0.0,0.0,0.0,0.0,0.0,0.0,0.0,0.0,1103.945223,0.0,13661.0,3399.0,6615.0,0.0,0.0,0.0,2529379.0,115727.0,338483.0,0.0,11515.0,15224.0,633165.0,0.0,0.0,0.0,0.0,0.0,0.0,0.0,0.0,0.0,0.0,0.0,0.0,0.0,0.0,0.0,0.0,0.0,0.0,0.0,70278.0,642,0
0.0,1391.1199999999994,85.11000000000001,112.5,0.0,0.0,0.0,17339.83,1821.7799999999997,6125.400011,0.0,4937.150000000001,1363.5399999999997,5690.060117,0.0,0.0,0.0,0.0,0.0,0.0,0.0,0.0,0.0,0.0,0.0,0.0,0.0,0.0,0.0,0.0,0.0,0.0,0.0,1032.385755,0.0,14858.0,3740.0,6580.0,0.0,0.0,0.0,4363302.0,109379.0,274814.0,0.0,11429.0,14573.0,659709.0,0.0,0.0,0.0,0.0,0.0,0.0,0.0,0.0,0.0,0.0,0.0,0.0,0.0,0.0,0.0,0.0,0.0,0.0,0.0,57814.0,628,0
0.0,956.7199999999998,79.79,118.32,0.0,0.0,0.0,15621.629999999997,1720.6100000000001,5512.7800019999995,0.0,4473.52,774.0400000000001,5400.355064,0.0,0.0,0.0,0.0,0.0,0.0,0.0,0.0,0.0,0.0,0.0,0.0,0.0,0.0,0.0,0.0,0.0,0.0,0.0,907.7315269999999,0.0,12236.0,4731.0,5614.0,0.0,0.0,0.0,4415349.0,103235.0,310217.0,0.0,10271.0,10705.0,622425.0,0.0,0.0,0.0,0.0,0.0,0.0,0.0,0.0,0.0,0.0,0.0,0.0,0.0,0.0,0.0,0.0,0.0,0.0,0.0,58590.0,580,0
0.0,560.43,97.68999999999998,96.56,0.0,0.0,0.0,10054.539999999999,1741.1200000000001,5190.820004,0.0,3561.1199999999994,727.3299999999999,5276.396116,0.0,0.0,0.0,0.0,0.0,0.0,0.0,0.0,0.0,0.0,0.0,0.0,0.0,0.0,0.0,0.0,0.0,0.0,0.0,624.077179,0.0,9006.0,4907.0,5615.0,0.0,0.0,0.0,3245822.0,99857.0,246870.0,0.0,8984.0,8846.0,557639.0,0.0,0.0,0.0,0.0,0.0,0.0,0.0,0.0,0.0,0.0,0.0,0.0,0.0,0.0,0.0,0.0,0.0,0.0,0.0,42357.0,531,0
0.0,390.72,31.96,65.74,0.0,0.0,0.0,7086.0,1543.4299999999998,5707.109999,0.0,3731.35,906.97,4977.942731,0.0,0.0,0.0,0.0,0.0,0.0,0.0,0.0,0.0,0.0,0.0,0.0,0.0,0.0,0.0,0.0,0.0,0.0,0.0,1100.356374,0.0,6528.0,2905.0,4497.0,0.0,0.0,0.0,2483324.0,84756.0,265770.0,0.0,8206.0,7744.0,548753.0,0.0,0.0,0.0,0.0,0.0,0.0,0.0,0.0,0.0,0.0,0.0,0.0,0.0,0.0,0.0,0.0,0.0,0.0,0.0,66662.0,498,0
0.0,495.75999999999993,50.160000000000004,100.99,0.0,0.0,0.0,7042.929999999999,1563.63,7163.089986000001,0.0,4702.870000000001,990.1799999999996,5467.55174,0.0,0.0,0.0,0.0,0.0,0.0,0.0,0.0,0.0,0.0,0.0,0.0,0.0,0.0,0.0,0.0,0.0,0.0,0.0,984.076092,0.0,7698.0,3020.0,5568.0,0.0,0.0,0.0,2678247.0,85503.0,332919.0,0.0,9101.0,8831.0,602652.0,0.0,0.0,0.0,0.0,0.0,0.0,0.0,0.0,0.0,0.0,0.0,0.0,0.0,0.0,0.0,0.0,0.0,0.0,0.0,58602.0,638,0
0.0,550.2000000000002,62.440000000000005,112.94,0.0,0.0,0.0,7846.659999999998,1658.93,7417.580002999999,0.0,5265.84,859.2200000000001,5323.507217,0.0,0.0,0.0,0.0,0.0,0.0,0.0,0.0,0.0,0.0,0.0,0.0,0.0,0.0,0.0,0.0,0.0,0.0,0.0,1002.3420529999999,0.0,8833.0,3264.0,7349.0,0.0,0.0,0.0,2764613.0,93602.0,379686.0,0.0,10935.0,9341.0,631687.0,0.0,0.0,0.0,0.0,0.0,0.0,0.0,0.0,0.0,0.0,0.0,0.0,0.0,0.0,0.0,0.0,0.0,0.0,0.0,60547.0,594,0
0.0,632.9800000000002,57.56999999999999,89.22,0.0,0.0,0.0,7531.030000000001,1434.32,7176.369994,0.0,4813.88,684.5600000000001,5212.260559,0.0,0.0,0.0,0.0,0.0,0.0,0.0,0.0,0.0,0.0,0.0,0.0,0.0,0.0,0.0,0.0,0.0,0.0,0.0,985.6064900000001,0.0,8633.0,3405.0,6444.0,0.0,0.0,0.0,2166516.0,80602.0,386411.0,0.0,10384.0,7919.0,601939.0,0.0,0.0,0.0,0.0,0.0,0.0,0.0,0.0,0.0,0.0,0.0,0.0,0.0,0.0,0.0,0.0,0.0,0.0,0.0,54343.0,606,0
0.0,620.3199999999999,62.739999999999995,109.75,0.0,0.0,0.0,7722.009999999998,1438.9899999999998,9594.249988,0.0,4434.67,1019.6099999999998,5213.999887,0.0,0.0,0.0,0.0,0.0,0.0,0.0,0.0,0.0,0.0,0.0,0.0,0.0,0.0,0.0,0.0,0.0,0.0,0.0,976.9074479999999,0.0,8958.0,3455.0,5997.0,0.0,0.0,0.0,2293358.0,80608.0,549961.0,0.0,9670.0,9253.0,626600.0,0.0,0.0,0.0,0.0,0.0,0.0,0.0,0.0,0.0,0.0,0.0,0.0,0.0,0.0,0.0,0.0,0.0,0.0,0.0,50113.0,569,0
0.0,661.1899999999999,62.87,106.96,0.0,0.0,0.0,3970.3699999999994,1424.33,9981.770014999998,0.0,4429.630000000001,719.2100000000002,4719.408557,0.0,0.0,0.0,0.0,0.0,0.0,0.0,0.0,0.0,0.0,0.0,0.0,0.0,0.0,0.0,0.0,0.0,0.0,0.0,978.2461820000001,0.0,9636.0,3364.0,5054.0,0.0,0.0,0.0,1143750.0,77353.0,534716.0,0.0,9294.0,7549.0,546900.0,0.0,0.0,0.0,0.0,0.0,0.0,0.0,0.0,0.0,0.0,0.0,0.0,0.0,0.0,0.0,0.0,0.0,0.0,0.0,42973.0,460,0
0.0,685.8799999999999,41.830000000000005,76.59,0.0,0.0,0.0,6151.340000000001,1400.77,16024.820007000002,0.0,3628.009999999999,608.4800000000002,4747.060585,0.0,0.0,0.0,0.0,0.0,0.0,0.0,0.0,0.0,0.0,0.0,0.0,0.0,0.0,0.0,0.0,0.0,0.0,99.636092,967.2832430000001,0.0,8429.0,3565.0,4779.0,0.0,0.0,0.0,970337.0,72491.0,1012445.0,0.0,8110.0,6214.0,569128.0,0.0,0.0,0.0,0.0,0.0,0.0,0.0,0.0,0.0,0.0,0.0,0.0,0.0,0.0,0.0,0.0,0.0,0.0,16102.0,50890.0,488,0
0.0,363.44,31.34,73.08,0.0,0.0,0.0,7807.01,1391.02,16396.609995,0.0,3661.189999999999,661.6899999999998,4528.839191,0.0,0.0,0.0,0.0,0.0,0.0,0.0,0.0,0.0,0.0,0.0,0.0,0.0,0.0,0.0,0.0,0.0,0.0,95.535352,969.789338,0.0,7267.0,2479.0,3685.0,0.0,0.0,0.0,1132258.0,65362.0,1036047.0,0.0,7050.0,5841.0,522757.0,0.0,0.0,0.0,0.0,0.0,0.0,0.0,0.0,0.0,0.0,0.0,0.0,0.0,0.0,0.0,0.0,0.0,0.0,6306.0,50164.0,489,0
0.0,555.8799999999999,43.17,73.5,0.0,0.0,0.0,7734.950000000002,1373.0400000000004,17074.809997,0.0,4099.530000000002,676.4800000000001,5110.102256,0.0,0.0,0.0,0.0,0.0,0.0,0.0,0.0,0.0,0.0,0.0,0.0,0.0,0.0,0.0,0.0,0.0,0.0,472.17694300000005,969.773361,0.0,7068.0,2768.0,4056.0,0.0,0.0,0.0,1141832.0,64129.0,1218530.0,0.0,7628.0,6583.0,557144.0,0.0,0.0,0.0,0.0,0.0,0.0,0.0,0.0,0.0,0.0,0.0,0.0,0.0,0.0,0.0,0.0,0.0,0.0,36079.0,60459.0,517,0
0.0,861.2799999999999,52.24000000000001,127.01,0.0,0.0,0.0,7659.4,1593.3300000000002,12259.899975,0.0,5167.160000000002,604.6800000000001,5692.971901,0.0,0.0,0.0,0.0,0.0,0.0,0.0,0.0,0.0,0.0,0.0,0.0,0.0,0.0,0.0,0.0,0.0,0.0,711.132799,988.620948,0.0,8500.0,4070.0,5796.0,0.0,0.0,0.0,1332904.0,78507.0,803034.0,0.0,9865.0,7235.0,588243.0,0.0,0.0,0.0,0.0,0.0,0.0,0.0,0.0,0.0,0.0,0.0,0.0,0.0,0.0,0.0,0.0,0.0,0.0,63994.0,58329.0,615,0
0.0,631.6499999999999,114.03999999999999,103.58,0.0,0.0,0.0,7199.480000000001,1594.97,13209.410017000002,0.0,5065.339999999999,2390.4700000000003,5435.543736,0.0,0.0,0.0,0.0,0.0,0.0,0.0,0.0,0.0,0.0,0.0,0.0,0.0,0.0,0.0,0.0,0.0,0.0,1261.6568009999999,979.770939,0.0,8578.0,4942.0,5585.0,0.0,0.0,0.0,1371625.0,84532.0,862794.0,0.0,9806.0,16689.0,529363.0,0.0,0.0,0.0,0.0,0.0,0.0,0.0,0.0,0.0,0.0,0.0,0.0,0.0,0.0,0.0,0.0,0.0,0.0,113180.0,61907.0,607,0
0.0,622.8600000000001,116.31,145.06,0.0,0.0,0.0,6707.090000000003,1403.9799999999998,13380.249999,0.0,4958.040000000001,2192.629999999999,5499.119696,0.0,0.0,0.0,0.0,0.0,0.0,0.0,0.0,0.0,0.0,0.0,0.0,0.0,0.0,0.0,0.0,0.0,0.0,4859.168552000001,1688.346947,0.0,9338.0,5269.0,5342.0,0.0,0.0,0.0,1118921.0,83775.0,671954.0,0.0,9718.0,17584.0,559605.0,0.0,0.0,0.0,0.0,0.0,0.0,0.0,0.0,0.0,0.0,0.0,0.0,0.0,0.0,0.0,0.0,0.0,0.0,395244.0,78449.0,581,0
0.0,616.9500000000002,114.46000000000001,114.93,0.0,0.0,0.0,5584.919999999998,1275.22,13209.620006000001,0.0,5751.19,2052.24,5122.251605,0.0,0.0,0.0,0.0,0.0,0.0,0.0,0.0,0.0,0.0,0.0,0.0,0.0,0.0,0.0,0.0,0.0,0.0,2376.541068,1677.298871,0.0,10188.0,4274.0,5983.0,0.0,0.0,0.0,944529.0,76037.0,570832.0,0.0,9940.0,16264.0,509813.0,0.0,0.0,0.0,0.0,0.0,0.0,0.0,0.0,0.0,0.0,0.0,0.0,0.0,0.0,0.0,0.0,0.0,0.0,189287.0,88272.0,530,0
0.0,541.48,111.56,89.73,0.0,0.0,0.0,5230.7300000000005,1116.76,12988.679982999998,0.0,4478.360000000001,1604.59,4332.847992,0.0,0.0,0.0,0.0,0.0,0.0,0.0,0.0,0.0,0.0,0.0,0.0,0.0,0.0,0.0,0.0,0.0,0.0,1854.4377880000002,1664.314199,0.0,9305.0,5287.0,5929.0,0.0,0.0,0.0,830817.0,67141.0,618962.0,0.0,8597.0,13477.0,445470.0,0.0,0.0,0.0,0.0,0.0,0.0,0.0,0.0,0.0,0.0,0.0,0.0,0.0,0.0,0.0,0.0,0.0,0.0,70193.0,73462.0,493,0
0.0,543.6899999999999,114.78999999999999,94.25,0.0,0.0,0.0,5032.51,1008.78,13064.020001,0.0,4656.92,2041.3000000000002,4183.662431,0.0,0.0,0.0,0.0,0.0,0.0,0.0,0.0,0.0,0.0,0.0,0.0,0.0,0.0,0.0,0.0,0.0,0.0,1899.826475,1662.3977329999998,0.0,7920.0,4507.0,4528.0,0.0,0.0,0.0,799724.0,58708.0,750218.0,0.0,8055.0,15741.0,421010.0,0.0,0.0,0.0,0.0,0.0,0.0,0.0,0.0,0.0,0.0,0.0,0.0,0.0,0.0,0.0,0.0,0.0,0.0,79290.0,76358.0,514,0
0.0,480.63000000000005,117.39000000000003,131.58,0.0,0.0,0.0,6299.78,999.4799999999999,13252.310000000001,0.0,5115.11,2510.2600000000007,5350.186246,0.0,0.0,0.0,0.0,0.0,0.0,0.0,0.0,0.0,0.0,0.0,0.0,0.0,0.0,0.0,0.0,0.0,0.0,2104.1477170000003,1703.5237579999998,0.0,7662.0,3783.0,4972.0,0.0,0.0,0.0,1118079.0,58139.0,859022.0,0.0,8901.0,18318.0,467202.0,0.0,0.0,0.0,0.0,0.0,0.0,0.0,0.0,0.0,0.0,0.0,0.0,0.0,0.0,0.0,0.0,0.0,0.0,435059.0,78678.0,562,0
0.0,623.9699999999999,1443.1599999999994,145.91,0.0,0.0,0.0,6132.26,1597.8500000000006,15068.869998,0.0,6040.809999999999,2247.62,4918.1726,0.0,0.0,0.0,0.0,0.0,0.0,0.0,0.0,0.0,0.0,0.0,0.0,0.0,0.0,0.0,0.0,0.0,0.0,2064.762528,1752.096053,0.0,7517.0,17274.0,7961.0,0.0,0.0,0.0,1003590.0,54845.0,998394.0,0.0,11292.0,16391.0,511823.0,0.0,0.0,0.0,0.0,0.0,0.0,0.0,0.0,0.0,0.0,0.0,0.0,0.0,0.0,0.0,0.0,0.0,0.0,119707.0,81597.0,627,0
0.0,552.2,1435.7799999999995,120.15,0.0,0.0,0.0,6228.800000000001,1995.5500000000002,12934.959997,0.0,5709.219999999999,2042.8299999999997,4930.458095,0.0,0.0,0.0,0.0,0.0,0.0,0.0,0.0,0.0,0.0,0.0,0.0,0.0,0.0,0.0,0.0,0.0,0.0,2934.987953,3643.4825999999994,0.0,7530.0,13682.0,7776.0,0.0,0.0,0.0,864481.0,85215.0,763931.0,0.0,10679.0,16481.0,488102.0,0.0,0.0,0.0,0.0,0.0,0.0,0.0,0.0,0.0,0.0,0.0,0.0,0.0,0.0,0.0,0.0,0.0,0.0,267234.0,183014.0,539,0
0.0,421.67000000000013,1587.7899999999995,127.01,0.0,0.0,0.0,5902.13,1999.1100000000004,10579.520004000002,0.0,5024.15,1717.1599999999999,5158.818448,0.0,0.0,0.0,0.0,0.0,0.0,0.0,0.0,0.0,0.0,0.0,0.0,0.0,0.0,0.0,0.0,0.0,0.0,2736.180652,4719.589146,0.0,7912.0,11902.0,6709.0,0.0,0.0,0.0,750150.0,109098.0,553054.0,0.0,10151.0,16013.0,521417.0,0.0,0.0,0.0,0.0,0.0,0.0,0.0,0.0,0.0,0.0,0.0,0.0,0.0,0.0,0.0,0.0,0.0,0.0,527015.0,400346.0,539,0
0.0,538.31,1366.59,81.21,0.0,0.0,0.0,5922.06,1722.6800000000003,10423.739996999999,0.0,5479.579999999999,1411.01,4098.135612,0.0,0.0,0.0,0.0,0.0,0.0,0.0,0.0,0.0,0.0,0.0,0.0,0.0,0.0,0.0,0.0,0.0,0.0,3011.514559,5338.915524999999,0.0,6210.0,14088.0,6238.0,0.0,0.0,0.0,719958.0,88552.0,536878.0,0.0,9974.0,13693.0,481873.0,0.0,0.0,0.0,0.0,0.0,0.0,0.0,0.0,0.0,0.0,0.0,0.0,0.0,0.0,0.0,0.0,0.0,0.0,448598.0,229529.0,475,0
0.0,624.91,1297.4700000000003,63.05,0.0,0.0,0.0,7252.459999999997,1830.1800000000003,12823.76,0.0,4838.930000000001,1171.0200000000002,3310.193945,0.0,0.0,0.0,0.0,0.0,0.0,0.0,0.0,0.0,0.0,0.0,0.0,0.0,0.0,0.0,0.0,0.0,0.0,2769.098266,5558.621063,0.0,5452.0,15379.0,5161.0,0.0,0.0,0.0,1022035.0,76103.0,681824.0,0.0,8819.0,11032.0,395600.0,0.0,0.0,0.0,0.0,0.0,0.0,0.0,0.0,0.0,0.0,0.0,0.0,0.0,0.0,0.0,0.0,0.0,0.0,255814.0,341167.0,467,0
0.0,751.1,725.6999999999998,74.13,0.0,0.0,0.0,7851.14,1860.8399999999997,13722.100002000001,0.0,4515.5099999999975,1091.02,2899.465966,0.0,0.0,0.0,0.0,0.0,0.0,0.0,0.0,0.0,0.0,0.0,0.0,0.0,0.0,0.0,0.0,0.0,0.0,2945.6267529999996,9051.415346000002,0.0,4649.0,12018.0,3595.0,0.0,0.0,0.0,1548267.0,74629.0,693635.0,0.0,8042.0,10348.0,360085.0,0.0,0.0,0.0,0.0,0.0,0.0,0.0,0.0,0.0,0.0,0.0,0.0,0.0,0.0,0.0,0.0,0.0,0.0,745016.0,423034.0,440,0
0.0,948.4099999999999,401.94,83.36,0.0,0.0,0.0,7601.1900000000005,988.3999999999999,14067.049995,0.0,5382.66,1322.4800000000005,3461.757701,0.0,0.0,0.0,0.0,0.0,0.0,0.0,0.0,0.0,0.0,0.0,0.0,0.0,0.0,0.0,0.0,0.0,0.0,1996.219965,8453.939445,0.0,5033.0,9839.0,3860.0,0.0,0.0,0.0,1887773.0,55463.0,725146.0,0.0,9212.0,10216.0,382993.0,0.0,0.0,0.0,0.0,0.0,0.0,0.0,0.0,0.0,0.0,0.0,0.0,0.0,0.0,0.0,0.0,0.0,0.0,731352.0,915977.0,495,0
0.0,963.58,452.1700000000001,100.08,0.0,0.0,0.0,2114.14,647.9499999999998,8934.069993999998,0.0,5431.340000000002,1156.4699999999998,3312.148014,0.0,0.0,0.0,0.0,0.0,0.0,0.0,0.0,0.0,0.0,0.0,0.0,0.0,0.0,0.0,0.0,0.0,0.0,2167.873928,8865.370974,0.0,5955.0,10556.0,5003.0,0.0,0.0,0.0,438593.0,51226.0,424455.0,0.0,10323.0,9868.0,400928.0,0.0,0.0,0.0,0.0,0.0,0.0,0.0,0.0,0.0,0.0,0.0,0.0,0.0,0.0,0.0,0.0,0.0,0.0,789073.0,902394.0,500,0
0.0,979.7000000000002,150.92999999999998,109.24,0.0,0.0,0.0,1170.5599999999997,642.82,5040.900002,0.0,5265.38,1031.8300000000002,3255.194666,0.0,0.0,0.0,0.0,0.0,0.0,0.0,0.0,0.0,0.0,0.0,0.0,0.0,0.0,0.0,0.0,0.0,0.0,1839.094867,7732.463183,0.0,6098.0,3573.0,5116.0,0.0,0.0,0.0,562054.0,55701.0,271815.0,0.0,10006.0,8962.0,382365.0,0.0,0.0,0.0,0.0,0.0,0.0,0.0,0.0,0.0,0.0,0.0,0.0,0.0,0.0,0.0,0.0,0.0,0.0,598750.0,402390.0,485,0
0.0,815.1499999999997,31.49,100.39,0.0,0.0,0.0,3181.080000000001,1383.2299999999998,5039.130002999999,0.0,5192.859999999999,791.83,3352.476865,0.0,0.0,0.0,0.0,0.0,0.0,0.0,0.0,0.0,0.0,0.0,0.0,0.0,0.0,0.0,0.0,0.0,0.0,1518.884924,8022.621671,0.0,5667.0,761.0,5164.0,0.0,0.0,0.0,681632.0,100416.0,263760.0,0.0,10163.0,7134.0,380877.0,0.0,0.0,0.0,0.0,0.0,0.0,0.0,0.0,0.0,0.0,0.0,0.0,0.0,0.0,0.0,0.0,0.0,0.0,454683.0,286182.0,491,0
0.0,799.1300000000001,19.22,95.83,0.0,0.0,0.0,2072.47,770.6899999999997,5022.049997,0.0,5196.17,722.75,3094.039131,0.0,0.0,0.0,0.0,0.0,0.0,0.0,0.0,0.0,0.0,0.0,0.0,0.0,0.0,0.0,0.0,0.0,0.0,1265.463766,8666.194624,0.0,6940.0,597.0,5595.0,0.0,0.0,0.0,318830.0,57798.0,239810.0,0.0,9924.0,6272.0,335539.0,0.0,0.0,0.0,0.0,0.0,0.0,0.0,0.0,0.0,0.0,0.0,0.0,0.0,0.0,0.0,0.0,0.0,0.0,283156.0,308795.0,445,0
0.0,666.4599999999998,82.17,93.28,0.0,0.0,0.0,2951.7599999999993,1271.31,4991.66,0.0,5248.780000000001,518.5999999999999,2541.468846,0.0,0.0,0.0,0.0,0.0,0.0,0.0,0.0,0.0,0.0,0.0,0.0,0.0,0.0,0.0,0.0,0.0,0.0,1373.4052199999999,8886.578803,0.0,7282.0,980.0,5863.0,0.0,0.0,0.0,546097.0,80876.0,230325.0,0.0,9228.0,5973.0,292928.0,0.0,0.0,0.0,0.0,0.0,0.0,0.0,0.0,0.0,0.0,0.0,0.0,0.0,0.0,0.0,0.0,0.0,0.0,348033.0,479857.0,425,0
0.0,440.4000000000001,49.7,90.25,0.0,0.0,0.0,2260.9599999999987,1042.8299999999997,4924.789997999999,0.0,4594.380000000002,676.5400000000001,2590.700593,0.0,0.0,0.0,0.0,0.0,0.0,0.0,0.0,0.0,0.0,0.0,0.0,0.0,0.0,0.0,0.0,0.0,0.0,1534.4756710000001,8013.903437999999,0.0,5504.0,899.0,4479.0,0.0,0.0,0.0,374949.0,60877.0,227204.0,0.0,7977.0,5996.0,278850.0,0.0,0.0,0.0,0.0,0.0,0.0,0.0,0.0,0.0,0.0,0.0,0.0,0.0,0.0,0.0,0.0,0.0,0.0,456624.0,674218.0,412,0
0.0,354.5499999999999,70.72999999999999,92.15,0.0,0.0,0.0,2109.189999999999,1335.5299999999995,4965.9,0.0,4374.289999999999,690.3700000000001,2565.646495,0.0,0.0,0.0,0.0,0.0,0.0,0.0,0.0,0.0,0.0,0.0,0.0,0.0,0.0,0.0,0.0,0.0,0.0,1659.231072,7651.58456,0.0,6215.0,1142.0,4830.0,0.0,0.0,0.0,362974.0,66649.0,257390.0,0.0,8034.0,5953.0,281776.0,0.0,0.0,0.0,0.0,0.0,0.0,0.0,0.0,0.0,0.0,0.0,0.0,0.0,0.0,0.0,0.0,0.0,0.0,197550.0,469941.0,417,0
0.0,512.0100000000001,43.15,124.7,0.0,0.0,0.0,1377.07,1330.93,5036.109983,0.0,4891.73,591.1500000000001,2856.976231,0.0,0.0,0.0,0.0,0.0,0.0,0.0,0.0,0.0,0.0,0.0,0.0,0.0,0.0,0.0,0.0,0.0,0.0,1667.866111,7174.301192999999,0.0,6710.0,861.0,5990.0,0.0,0.0,0.0,310820.0,69548.0,260846.0,0.0,8929.0,6949.0,305286.0,0.0,0.0,0.0,0.0,0.0,0.0,0.0,0.0,0.0,0.0,0.0,0.0,0.0,0.0,0.0,0.0,0.0,0.0,179474.0,414381.0,482,1
0.0,701.77,45.5,123.24,0.0,0.0,0.0,1441.479999999999,836.3099999999997,8738.060000000001,0.0,6096.100000000001,594.7799999999999,3150.998052,0.0,0.0,0.0,0.0,0.0,0.0,0.0,0.0,0.0,0.0,0.0,0.0,0.0,0.0,0.0,0.0,0.0,0.0,1095.384406,7619.948496,0.0,9203.0,794.0,6746.0,0.0,0.0,0.0,341784.0,58813.0,450510.0,0.0,10331.0,6384.0,331865.0,0.0,0.0,0.0,92.0,15.0,0.0,0.0,0.0,0.0,0.0,0.0,0.0,0.0,0.0,0.0,0.0,0.0,0.0,124694.0,502605.0,533,0
0.0,620.3199999999999,49.02,109.94,0.0,0.0,0.0,868.5600000000001,714.2999999999998,8786.859994999999,0.0,5343.9800000000005,480.0300000000001,3308.670866,0.0,0.0,0.0,0.0,0.0,0.0,0.0,0.0,0.0,0.0,336.40182500000003,1901.863924,0.0,0.0,0.0,0.0,0.0,0.0,1198.267849,7550.867866,0.0,9259.0,891.0,6467.0,0.0,0.0,0.0,194402.0,58057.0,403431.0,0.0,9782.0,6569.0,342053.0,0.0,0.0,0.0,81.0,10.0,0.0,0.0,0.0,0.0,0.0,125018.0,409101.0,0.0,0.0,0.0,0.0,0.0,0.0,144920.0,584775.0,534,0
0.0,593.9599999999999,51.91,135.95,0.0,0.0,0.0,882.0899999999995,541.2399999999998,8838.790009,0.0,5581.16,481.31,2629.072545,0.0,0.0,0.0,0.0,0.0,0.0,0.0,0.0,0.0,0.0,375.08229700000004,982.7810140000001,0.0,0.0,0.0,0.0,0.0,0.0,1653.6700090000002,7730.367413,0.0,9538.0,1054.0,6300.0,0.0,0.0,0.0,207901.0,52321.0,434750.0,0.0,9553.0,5750.0,302950.0,0.0,0.0,0.0,99.0,17.0,0.0,0.0,0.0,0.0,0.0,171497.0,208245.0,0.0,0.0,0.0,0.0,0.0,0.0,327817.0,704247.0,518,0
0.0,533.7800000000001,75.96,79.71,0.0,0.0,0.0,874.0199999999998,510.25000000000006,8822.920003,0.0,4246.0,360.29999999999995,2621.60145,0.0,0.0,0.0,0.0,0.0,0.0,0.0,0.0,0.0,0.0,910.446854,2093.297459,0.0,0.0,0.0,0.0,0.0,0.0,1792.738139,7850.919999999999,0.0,8377.0,1072.0,5331.0,0.0,0.0,0.0,170023.0,45312.0,436867.0,0.0,8117.0,4514.0,271420.0,0.0,0.0,0.0,105.0,13.0,0.0,0.0,0.0,0.0,0.0,349501.0,328137.0,0.0,0.0,0.0,0.0,0.0,0.0,303229.0,748960.0,501,0
0.0,613.7199999999999,87.39000000000001,77.03,0.0,0.0,0.0,1079.1499999999999,581.8799999999999,8997.870005,0.0,4563.610000000001,375.93,2759.03036,0.0,0.0,0.0,0.0,0.0,0.0,0.0,0.0,0.0,0.0,828.706154,2302.8072899999997,0.0,0.0,0.0,0.0,0.0,0.0,1773.8327239999999,7674.38913,0.0,5414.0,1063.0,3998.0,0.0,0.0,0.0,182484.0,46098.0,498928.0,0.0,8001.0,4369.0,260146.0,0.0,0.0,0.0,72.0,12.0,0.0,0.0,0.0,0.0,0.0,332210.0,350655.0,0.0,0.0,0.0,0.0,0.0,0.0,232544.0,462946.0,470,0
0.0,460.54999999999995,107.59,85.01,0.0,0.0,0.0,1788.3799999999999,733.32,8912.630008,0.0,5028.669999999998,433.71000000000004,2656.108469,0.0,0.0,0.0,0.0,0.0,0.0,0.0,0.0,0.0,0.0,799.662835,1998.640081,0.0,0.0,0.0,0.0,0.0,0.0,1556.134934,7768.348967,0.0,5950.0,1190.0,4030.0,0.0,0.0,0.0,321886.0,48958.0,546145.0,0.0,8533.0,4695.0,277828.0,0.0,0.0,0.0,47.0,12.0,0.0,0.0,0.0,0.0,0.0,282644.0,319088.0,0.0,0.0,0.0,0.0,0.0,0.0,426451.0,499689.0,492,0
0.0,836.3300000000002,167.95,71.88,0.0,0.0,0.0,1794.8499999999995,1367.7600000000002,8539.030009,0.0,5392.309999999999,493.15,2870.068722,0.0,0.0,0.0,0.0,0.0,0.0,0.0,0.0,0.0,0.0,669.6667510000001,1627.998043,0.0,0.0,0.0,0.0,0.0,0.0,1580.934813,8107.354463,0.0,5792.0,1094.0,5766.0,0.0,0.0,0.0,364737.0,88946.0,500252.0,0.0,10204.0,5869.0,307697.0,0.0,0.0,0.0,63.0,23.0,0.0,0.0,0.0,0.0,0.0,261633.0,276044.0,0.0,0.0,0.0,0.0,0.0,0.0,317890.0,504130.0,574,0
0.0,631.92,60.27,105.64,0.0,0.0,0.0,626.2600000000001,1496.8,8194.859996,0.0,5129.300000000001,451.44000000000005,3277.313497,0.0,0.0,0.0,0.0,0.0,0.0,0.0,0.0,0.0,0.0,697.3706090000001,1631.026821,0.0,0.0,0.0,0.0,0.0,0.0,1528.817864,7891.316287,0.0,5345.0,1006.0,6230.0,0.0,0.0,0.0,130770.0,91622.0,450584.0,0.0,10237.0,5937.0,312611.0,0.0,0.0,0.0,71.0,12.0,0.0,0.0,0.0,0.0,0.0,334149.0,268641.0,0.0,0.0,0.0,0.0,0.0,0.0,156251.0,326830.0,522,0
0.0,642.34,268.84,145.0,0.0,0.0,0.0,572.5499999999997,1443.99,8135.300001000001,0.0,4812.749999999999,1410.8400000000001,3010.412243,0.0,0.0,0.0,0.0,0.0,0.0,0.0,0.0,0.0,0.0,769.525604,2019.708234,0.0,0.0,0.0,0.0,0.0,0.0,735.9115840000001,4280.800456,0.0,4685.0,1384.0,6571.0,0.0,0.0,0.0,142225.0,89315.0,432063.0,0.0,9901.0,6707.0,317506.0,0.0,0.0,0.0,87.0,8.0,0.0,0.0,0.0,0.0,0.0,270003.0,261224.0,0.0,0.0,0.0,0.0,0.0,0.0,57917.0,244660.0,510,0
0.0,679.2199999999997,29.439999999999998,105.47,0.0,0.0,0.0,562.6,1498.11,8222.390003,0.0,4722.090000000001,1321.2600000000002,2781.584149,0.0,0.0,0.0,0.0,0.0,0.0,0.0,0.0,0.0,0.0,738.435516,1993.5533700000003,0.0,0.0,0.0,0.0,0.0,0.0,0.0,0.0,0.0,3948.0,1131.0,5872.0,0.0,0.0,0.0,121291.0,86691.0,445925.0,0.0,9717.0,7860.0,271073.0,0.0,0.0,0.0,78.0,12.0,0.0,0.0,0.0,0.0,0.0,206959.0,223361.0,0.0,0.0,0.0,0.0,0.0,0.0,0.0,0.0,502,0
0.0,563.1099999999996,77.03999999999999,81.39,0.0,0.0,0.0,551.9300000000001,1066.9899999999998,8379.720000000001,0.0,3857.0,1292.4700000000003,2270.621929,0.0,0.0,0.0,0.0,0.0,0.0,0.0,0.0,0.0,0.0,702.7596669999999,2273.8075799999997,0.0,0.0,0.0,0.0,0.0,0.0,0.0,0.0,0.0,3127.0,907.0,5389.0,0.0,0.0,0.0,124779.0,69869.0,333995.0,0.0,8218.0,7545.0,237611.0,0.0,0.0,0.0,84.0,12.0,0.0,0.0,0.0,0.0,0.0,226794.0,286649.0,0.0,0.0,0.0,0.0,0.0,0.0,0.0,0.0,458,0
0.0,403.6599999999999,45.82,75.77,0.0,0.0,0.0,541.25,910.2999999999995,8354.119999999999,0.0,3543.16,1222.3500000000001,1975.658394,0.0,0.0,0.0,0.0,0.0,0.0,0.0,0.0,0.0,0.0,888.3365760000003,2007.3127690000001,0.0,0.0,0.0,0.0,0.0,0.0,0.0,0.0,0.0,2281.0,912.0,3972.0,0.0,0.0,0.0,107518.0,55910.0,304225.0,0.0,6799.0,6709.0,163837.0,0.0,0.0,0.0,72.0,11.0,0.0,0.0,0.0,0.0,0.0,314902.0,267754.0,0.0,0.0,0.0,0.0,0.0,0.0,0.0,0.0,415,0
0.0,427.3400000000001,60.24,87.0,0.0,0.0,0.0,526.71,845.8900000000002,8449.940003,0.0,5300.56,1391.72,2544.773389,0.0,0.0,0.0,0.0,0.0,0.0,0.0,0.0,0.0,0.0,1042.563458,2565.1159989999996,0.0,0.0,0.0,0.0,0.0,0.0,0.0,0.0,0.0,3103.0,1033.0,4881.0,0.0,0.0,0.0,123635.0,50576.0,363982.0,0.0,8747.0,9665.0,267129.0,0.0,0.0,0.0,95.0,11.0,0.0,0.0,0.0,0.0,0.0,390171.0,332910.0,0.0,0.0,0.0,0.0,0.0,0.0,0.0,0.0,428,0
0.0,506.23,75.19,145.89,0.0,0.0,0.0,511.77999999999975,897.97,8073.550004000001,0.0,6022.07,934.4399999999999,2753.927594,0.0,0.0,0.0,0.0,0.0,0.0,0.0,0.0,0.0,0.0,817.2257950000002,2078.033657,0.0,0.0,0.0,0.0,0.0,0.0,0.0,0.0,0.0,4110.0,1438.0,7655.0,0.0,0.0,0.0,110409.0,58663.0,434634.0,0.0,10731.0,8551.0,270900.0,0.0,0.0,0.0,92.0,6.0,0.0,0.0,0.0,0.0,0.0,299724.0,253199.0,0.0,0.0,0.0,0.0,0.0,0.0,0.0,0.0,450,0
0.0,573.4800000000001,59.38,140.83,0.0,0.0,0.0,496.55,1044.6699999999998,8545.049999,0.0,5313.200000000001,457.9400000000001,2748.934153,0.0,0.0,0.0,0.0,0.0,0.0,0.0,0.0,0.0,0.0,910.810371,2136.245109,0.0,0.0,0.0,0.0,0.0,0.0,0.0,0.0,0.0,4316.0,1059.0,7729.0,0.0,0.0,0.0,106928.0,63348.0,433258.0,0.0,10318.0,6148.0,278223.0,0.0,0.0,0.0,93.0,2.0,0.0,0.0,0.0,0.0,0.0,311685.0,248933.0,0.0,0.0,0.0,0.0,0.0,0.0,0.0,0.0,426,0
0.0,428.21999999999997,55.629999999999995,85.4,0.0,0.0,0.0,478.5099999999997,1103.5800000000002,8394.439998999998,201.66,5005.86,455.50999999999993,2653.863496,0.0,0.0,0.0,0.0,0.0,0.0,0.0,0.0,0.0,0.0,853.4326379999999,1448.7682259999997,0.0,0.0,0.0,0.0,0.0,0.0,0.0,0.0,0.0,4646.0,1021.0,6914.0,0.0,0.0,0.0,102617.0,68209.0,415513.0,33569.0,10015.0,6222.0,278985.0,0.0,0.0,0.0,120.0,7.0,0.0,0.0,0.0,0.0,0.0,331617.0,171513.0,0.0,0.0,0.0,0.0,0.0,0.0,0.0,0.0,415,0
0.0,461.38000000000005,89.5,114.0,0.0,0.0,0.0,411.51,1341.0499999999997,8333.33,730.806489,4550.400000000001,510.7099999999999,2307.396917,0.0,0.0,0.0,0.0,0.0,0.0,0.0,0.0,0.0,0.0,918.0051199999999,2293.1359410000005,0.0,0.0,0.0,0.0,0.0,0.0,0.0,0.0,0.0,4953.0,1138.0,6361.0,0.0,0.0,0.0,70820.0,86975.0,453951.0,288083.0,9531.0,5547.0,239650.0,0.0,0.0,0.0,80.0,16.0,0.0,0.0,0.0,0.0,0.0,336218.0,247008.0,0.0,0.0,0.0,0.0,0.0,0.0,0.0,0.0,486,0
0.0,470.39,58.2,96.77,0.0,0.0,0.0,444.41999999999996,1089.2599999999998,5678.600004,316.20750000000004,4039.41,449.81,163.715733,0.0,0.0,0.0,0.0,0.0,0.0,0.0,0.0,0.0,0.0,817.3896400000001,3207.5233609999996,0.0,0.0,0.0,0.0,0.0,0.0,0.0,0.0,0.0,4034.0,1037.0,5379.0,0.0,0.0,0.0,75450.0,71874.0,269367.0,133021.0,8581.0,4370.0,25730.0,0.0,0.0,0.0,93.0,22.0,0.0,0.0,0.0,0.0,0.0,254369.0,326711.0,0.0,0.0,0.0,0.0,0.0,0.0,0.0,0.0,306,0
0.0,477.6000000000001,131.74,59.39,0.0,0.0,0.0,400.59999999999997,808.0900000000003,0.0,530.776476,3990.540000000002,450.9199999999999,127.286874,0.0,0.0,0.0,0.0,0.0,0.0,0.0,0.0,0.0,0.0,0.0,0.0,0.0,0.0,0.0,0.0,0.0,0.0,0.0,0.0,0.0,3277.0,1200.0,4159.0,0.0,0.0,0.0,57582.0,54420.0,0.0,181200.0,7628.0,4365.0,24292.0,0.0,0.0,0.0,91.0,11.0,0.0,0.0,0.0,0.0,0.0,0.0,0.0,0.0,0.0,0.0,0.0,0.0,0.0,0.0,0.0,317,1
0.0,842.16,133.02,94.28,0.0,0.0,0.0,264.51000000000005,755.0999999999998,0.0,218.703095,4542.83,442.94,135.12288,0.0,0.0,0.0,0.0,0.0,0.0,0.0,0.0,0.0,0.0,0.0,0.0,0.0,0.0,0.0,0.0,0.0,0.0,0.0,0.0,0.0,4162.0,1378.0,3711.0,0.0,0.0,0.0,50522.0,49989.0,0.0,25697.0,8182.0,4922.0,27374.0,0.0,0.0,0.0,83.0,11.0,0.0,0.0,0.0,0.0,0.0,0.0,0.0,0.0,0.0,0.0,0.0,0.0,0.0,0.0,0.0,316,0
0.0,1214.7100000000003,169.85,141.97,0.0,0.0,0.0,2190.049999999999,1072.3600000000001,0.0,698.971734,6107.090000000001,697.08,186.005473,0.0,0.0,0.0,0.0,0.0,0.0,0.0,0.0,0.0,0.0,0.0,0.0,0.0,0.0,0.0,0.0,0.0,0.0,0.0,0.0,0.0,5943.0,752.0,6556.0,0.0,0.0,0.0,288680.0,84212.0,0.0,153589.0,11607.0,5871.0,29373.0,0.0,0.0,0.0,218.0,19.0,0.0,0.0,0.0,0.0,0.0,0.0,0.0,0.0,0.0,0.0,0.0,0.0,0.0,0.0,0.0,338,0
0.0,1186.1299999999999,59.25,112.24,0.0,0.0,0.0,1734.6599999999996,979.2199999999997,0.0,214.406357,5431.440000000001,941.45,216.758015,0.0,0.0,0.0,0.0,0.0,0.0,0.0,0.0,0.0,0.0,0.0,0.0,0.0,0.0,0.0,0.0,0.0,0.0,0.0,0.0,0.0,6009.0,486.0,6743.0,0.0,0.0,0.0,216517.0,78546.0,0.0,57639.0,10305.0,6868.0,30625.0,0.0,0.0,0.0,168.0,12.0,0.0,0.0,0.0,0.0,0.0,0.0,0.0,0.0,0.0,0.0,0.0,0.0,0.0,0.0,0.0,308,0
0.0,856.6300000000001,83.67999999999999,88.72,0.0,0.0,0.0,2312.7399999999993,676.4699999999999,0.0,483.957131,4960.670000000001,1960.78,344.157311,0.0,0.0,0.0,0.0,0.0,0.0,0.0,0.0,0.0,0.0,0.0,0.0,0.0,0.0,0.0,0.0,0.0,0.0,0.0,0.0,0.0,4702.0,517.0,5843.0,0.0,0.0,0.0,198601.0,56986.0,0.0,114665.0,9568.0,7820.0,30825.0,0.0,0.0,0.0,136.0,20.0,0.0,0.0,0.0,0.0,0.0,0.0,0.0,0.0,0.0,0.0,0.0,0.0,0.0,0.0,0.0,309,0
0.0,621.1700000000001,39.54,160.1,0.0,0.0,0.0,2132.4900000000002,740.7800000000001,0.0,291.357076,4999.36,3014.7000000000003,1185.8203,0.0,0.0,0.0,0.0,0.0,0.0,0.0,0.0,0.0,0.0,0.0,0.0,0.0,0.0,0.0,0.0,0.0,0.0,0.0,0.0,0.0,4362.0,421.0,7116.0,0.0,0.0,0.0,160990.0,46149.0,0.0,82179.0,9311.0,9971.0,114634.0,0.0,0.0,0.0,146.0,20.0,0.0,0.0,0.0,0.0,0.0,0.0,0.0,0.0,0.0,0.0,0.0,0.0,0.0,0.0,0.0,335,0
0.0,657.0899999999999,39.74,153.23,0.0,0.0,0.0,1744.5300000000002,630.6600000000003,0.0,602.6610350000001,4644.349999999998,3523.7300000000005,2681.292976,0.0,0.0,0.0,0.0,0.0,0.0,0.0,0.0,0.0,0.0,92.62116699999999,0.0,0.0,0.0,0.0,0.0,0.0,0.0,0.0,0.0,0.0,3886.0,481.0,7009.0,0.0,0.0,0.0,176944.0,38111.0,0.0,200686.0,8779.0,11365.0,252798.0,0.0,0.0,0.0,133.0,8.0,0.0,0.0,0.0,0.0,0.0,31629.0,0.0,0.0,0.0,0.0,0.0,0.0,0.0,0.0,0.0,337,0
0.0,512.0499999999998,46.269999999999996,139.3,0.0,0.0,0.0,1744.3899999999994,467.5600000000001,0.0,421.307917,4183.589999999999,3624.84,2102.647355,0.0,0.0,0.0,0.0,0.0,0.0,0.0,0.0,0.0,0.0,0.0,0.0,0.0,0.0,0.0,0.0,0.0,0.0,0.0,0.0,0.0,3915.0,452.0,5932.0,0.0,0.0,0.0,210321.0,26835.0,0.0,151550.0,7594.0,11975.0,204375.0,0.0,0.0,0.0,113.0,13.0,0.0,0.0,0.0,0.0,0.0,0.0,0.0,0.0,0.0,0.0,0.0,0.0,0.0,0.0,0.0,349,0
0.0,585.4499999999999,43.370000000000005,136.23,0.0,0.0,0.0,1277.27,1215.7400000000005,0.0,429.085665,5350.759999999999,3760.9000000000005,1571.414515,0.0,0.0,0.0,0.0,0.0,0.0,0.0,0.0,0.0,0.0,0.0,0.0,0.0,0.0,0.0,0.0,0.0,0.0,0.0,0.0,0.0,4774.0,477.0,7037.0,0.0,0.0,0.0,214486.0,61147.0,0.0,118254.0,8596.0,11924.0,163260.0,0.0,0.0,0.0,92.0,10.0,0.0,0.0,0.0,0.0,0.0,0.0,0.0,0.0,0.0,0.0,0.0,0.0,0.0,0.0,0.0,390,0
0.0,667.85,43.61,143.61,0.0,0.0,0.0,539.0899999999997,2094.2499999999995,0.0,320.86911399999997,6131.650000000001,2421.2200000000003,1398.583529,0.0,0.0,0.0,0.0,0.0,0.0,0.0,0.0,0.0,0.0,0.0,0.0,0.0,0.0,0.0,0.0,0.0,0.0,0.0,0.0,0.0,5270.0,1309.0,9546.0,0.0,0.0,0.0,75304.0,118278.0,0.0,72723.0,10601.0,12425.0,137253.0,0.0,0.0,0.0,87.0,12.0,0.0,0.0,0.0,0.0,0.0,0.0,0.0,0.0,0.0,0.0,0.0,0.0,0.0,0.0,0.0,373,0
0.0,670.1700000000001,27.43,174.07,0.0,0.0,0.0,396.4899999999999,1122.7299999999998,0.0,239.12784699999997,6103.31,1193.8300000000002,1139.180219,0.0,0.0,0.0,0.0,0.0,0.0,0.0,0.0,0.0,0.0,0.0,0.0,0.0,0.0,0.0,0.0,0.0,0.0,0.0,0.0,0.0,4784.0,1925.0,9323.0,0.0,0.0,0.0,87144.0,80240.0,0.0,46277.0,10217.0,9664.0,112775.0,0.0,0.0,0.0,119.0,14.0,0.0,0.0,0.0,0.0,0.0,0.0,0.0,0.0,0.0,0.0,0.0,0.0,0.0,0.0,0.0,356,0
0.0,917.67,96.78999999999999,154.8,0.0,0.0,0.0,1574.9599999999998,863.07,7372.549995,251.659628,5692.810000000001,1886.6700000000005,1003.050556,0.0,0.0,0.0,0.0,0.0,0.0,0.0,0.0,0.0,0.0,3800.740502,5331.283757,0.0,0.0,0.0,0.0,0.0,0.0,0.0,0.0,0.0,5655.0,595.0,8680.0,0.0,0.0,0.0,248902.0,70677.0,397184.0,32201.0,10005.0,9796.0,103923.0,0.0,0.0,0.0,120.0,15.0,0.0,0.0,0.0,0.0,0.0,1773580.0,971164.0,0.0,0.0,0.0,0.0,0.0,0.0,0.0,0.0,363,0
0.0,672.9999999999997,46.37,114.45,0.0,0.0,0.0,2015.7499999999998,1687.5399999999995,19414.409993999998,135.616272,6218.910000000002,1910.7700000000004,695.878664,0.0,0.0,0.0,0.0,0.0,0.0,0.0,0.0,0.0,0.0,1733.5010510000002,6355.003329,0.0,0.0,0.0,0.0,0.0,0.0,0.0,0.0,0.0,5629.0,539.0,8245.0,0.0,0.0,0.0,293619.0,110598.0,959602.0,20650.0,10195.0,11716.0,91296.0,0.0,0.0,0.0,123.0,6.0,0.0,0.0,0.0,0.0,0.0,619248.0,955647.0,0.0,0.0,0.0,0.0,0.0,0.0,0.0,0.0,377,0
0.0,467.73,60.65,82.24,0.0,0.0,0.0,3255.389999999999,2196.8499999999995,19521.209998000002,119.628899,5474.380000000001,1731.4699999999998,652.674981,0.0,0.0,0.0,0.0,0.0,0.0,0.0,0.0,0.0,0.0,1457.334668,5563.644852999999,0.0,0.0,0.0,0.0,0.0,0.0,0.0,0.0,0.0,4767.0,532.0,4424.0,0.0,0.0,0.0,431031.0,132091.0,917291.0,18899.0,8912.0,11624.0,83085.0,0.0,0.0,0.0,123.0,14.0,0.0,0.0,0.0,0.0,0.0,395374.0,686997.0,0.0,0.0,0.0,0.0,0.0,0.0,0.0,0.0,390,0
0.0,444.4200000000001,45.0,133.41,0.0,0.0,0.0,2933.790000000001,1707.2299999999996,19467.009997,96.664111,4438.74,1763.5,664.104298,0.0,0.0,0.0,0.0,0.0,0.0,0.0,0.0,0.0,0.0,1324.3584560000002,5124.865936,0.0,0.0,0.0,0.0,0.0,0.0,0.0,0.0,0.0,3761.0,469.0,3528.0,0.0,0.0,0.0,377170.0,99483.0,896613.0,13717.0,7337.0,11456.0,71153.0,0.0,0.0,0.0,90.0,6.0,0.0,0.0,0.0,0.0,0.0,514299.0,705844.0,0.0,0.0,0.0,0.0,0.0,0.0,0.0,0.0,301,0
0.0,471.12999999999994,47.91,68.11,0.0,0.0,0.0,1957.499999999999,1611.6999999999998,19821.890001,70.858293,4411.88,1737.8100000000002,462.734982,0.0,0.0,0.0,0.0,0.0,0.0,0.0,0.0,0.0,0.0,1335.381312,5481.05587,0.0,0.0,0.0,0.0,0.0,0.0,0.0,0.0,0.0,3818.0,544.0,2730.0,0.0,0.0,0.0,302555.0,91142.0,1001041.0,9924.0,6432.0,11700.0,59232.0,0.0,0.0,0.0,70.0,7.0,0.0,0.0,0.0,0.0,0.0,674053.0,975006.0,0.0,0.0,0.0,0.0,0.0,0.0,0.0,0.0,290,1
0.0,732.07,89.53999999999999,114.82,0.0,0.0,0.0,2998.000000000001,1788.23,19802.699996,63.529422,6289.570000000001,1753.0200000000004,673.91409,0.0,0.0,0.0,0.0,0.0,0.0,0.0,0.0,0.0,0.0,700.572791,2415.8263410000004,0.0,0.0,0.0,0.0,0.0,0.0,0.0,0.0,0.0,4456.0,635.0,4756.0,0.0,0.0,0.0,456375.0,94776.0,1108928.0,9096.0,9393.0,11567.0,77749.0,0.0,0.0,0.0,114.0,42.0,0.0,0.0,0.0,0.0,0.0,221340.0,330485.0,0.0,0.0,0.0,0.0,0.0,0.0,0.0,0.0,430,1
0.0,959.0399999999998,31.98,111.62,0.0,0.0,0.0,2897.0099999999993,1902.3499999999997,19538.940001,93.586627,7184.269999999999,1269.9899999999998,605.561702,0.0,0.0,0.0,0.0,0.0,0.0,0.0,0.0,0.0,0.0,1661.0327570000002,1322.4438879999998,0.0,0.0,0.0,0.0,0.0,0.0,0.0,0.0,0.0,5595.0,551.0,5048.0,0.0,0.0,0.0,462035.0,106319.0,1040807.0,8523.0,10669.0,10945.0,85517.0,0.0,0.0,0.0,82.0,59.0,0.0,0.0,0.0,0.0,0.0,772611.0,150224.0,0.0,0.0,0.0,0.0,0.0,0.0,0.0,0.0,373,0
0.0,720.1000000000001,132.68,138.93,0.0,0.0,0.0,2836.8500000000004,2135.9700000000003,20586.050001000003,77.695683,6769.609999999998,1214.4599999999998,636.56727,0.0,0.0,0.0,0.0,0.0,0.0,0.0,0.0,0.0,0.0,2445.64874,1395.996575,0.0,0.0,0.0,0.0,0.0,0.0,0.0,0.0,0.0,6012.0,677.0,5166.0,0.0,0.0,0.0,384793.0,112184.0,963897.0,7089.0,10539.0,10836.0,83573.0,0.0,0.0,0.0,85.0,55.0,0.0,0.0,0.0,0.0,0.0,1140285.0,163774.0,0.0,0.0,0.0,0.0,0.0,0.0,0.0,0.0,399,0
0.0,957.89,59.89,112.94,0.0,0.0,0.0,2636.259999999998,1728.3300000000004,20632.239997999997,50.985875,6679.990000000001,1067.3,579.2504759999999,0.0,0.0,0.0,0.0,0.0,0.0,0.0,0.0,0.0,0.0,2046.982877,1298.987324,0.0,0.0,0.0,0.0,0.0,0.0,0.0,0.0,0.0,5266.0,587.0,6593.0,0.0,0.0,0.0,307231.0,96633.0,934717.0,5190.0,10102.0,9495.0,77065.0,0.0,0.0,0.0,89.0,44.0,0.0,0.0,0.0,0.0,0.0,791634.0,149066.0,0.0,0.0,0.0,0.0,0.0,0.0,0.0,0.0,427,0
0.0,813.56,33.49,125.84,0.0,0.0,0.0,2427.43,2065.17,17330.370007999998,123.383463,5279.969999999999,1579.99,457.582298,0.0,0.0,0.0,0.0,0.0,0.0,0.0,0.0,0.0,0.0,2088.497369,1332.6349610000002,0.0,0.0,0.0,0.0,0.0,0.0,0.0,0.0,0.0,5216.0,662.0,5116.0,0.0,0.0,0.0,261528.0,125704.0,882797.0,19604.0,9422.0,12908.0,67392.0,0.0,0.0,0.0,64.0,55.0,0.0,0.0,0.0,0.0,0.0,856043.0,150249.0,0.0,0.0,0.0,0.0,0.0,0.0,0.0,0.0,342,0
0.0,543.6999999999999,35.04,105.07,0.0,0.0,0.0,4492.340000000001,1713.35,21308.2,97.024773,5963.019999999999,1888.7000000000005,455.209351,0.0,0.0,0.0,0.0,0.0,0.0,0.0,0.0,0.0,0.0,2228.147328,1407.625962,0.0,0.0,0.0,0.0,0.0,0.0,0.0,0.0,0.0,4944.0,484.0,3869.0,0.0,0.0,0.0,346492.0,95769.0,826942.0,16330.0,8837.0,16631.0,63423.0,0.0,0.0,0.0,82.0,32.0,0.0,0.0,0.0,0.0,0.0,708055.0,177802.0,0.0,0.0,0.0,0.0,0.0,0.0,0.0,0.0,355,0
0.0,740.4199999999996,65.8,130.33,0.0,0.0,0.0,4451.27,1760.8700000000001,20658.810003000002,71.784355,6616.789999999998,1805.96,500.07542199999995,0.0,0.0,0.0,0.0,0.0,0.0,0.0,0.0,0.0,0.0,2195.216094,1266.6431579999996,0.0,0.0,0.0,0.0,0.0,0.0,0.0,0.0,0.0,4581.0,514.0,4829.0,0.0,0.0,0.0,348708.0,99051.0,697512.0,11459.0,9821.0,16326.0,66097.0,0.0,0.0,0.0,58.0,24.0,0.0,0.0,0.0,0.0,0.0,838439.0,159570.0,0.0,0.0,0.0,0.0,0.0,0.0,0.0,0.0,407,0
0.0,935.7100000000002,75.79,160.09,0.0,0.0,0.0,4408.97,1721.4900000000005,20609.14,132.798081,7407.790000000001,1147.03,3019.609156,0.0,0.0,0.0,0.0,0.0,0.0,0.0,0.0,0.0,0.0,2026.353477,1229.242936,0.0,0.0,0.0,0.0,0.0,0.0,0.0,0.0,0.0,5853.0,662.0,6604.0,0.0,0.0,0.0,408301.0,99729.0,686302.0,13016.0,12167.0,11974.0,323118.0,0.0,0.0,0.0,89.0,46.0,0.0,0.0,0.0,0.0,0.0,707734.0,125668.0,0.0,0.0,0.0,0.0,0.0,0.0,0.0,0.0,415,0
0.0,887.9899999999999,11.75,152.33,0.0,0.0,0.0,4364.720000000001,1637.97,21514.179999999997,72.304562,8535.07,1771.9699999999998,10846.159608,0.0,0.0,0.0,0.0,0.0,0.0,0.0,0.0,0.0,0.0,1869.840461,1035.128813,0.0,0.0,0.0,0.0,0.0,0.0,0.0,0.0,0.0,5066.0,447.0,5782.0,0.0,0.0,0.0,384775.0,85392.0,710599.0,5466.0,12490.0,17654.0,976850.0,0.0,0.0,0.0,80.0,48.0,0.0,0.0,0.0,0.0,0.0,854322.0,97118.0,0.0,0.0,0.0,0.0,0.0,0.0,0.0,0.0,481,0
0.0,882.0299999999999,26.32,201.49,0.0,0.0,0.0,4299.75,1694.7400000000002,22599.379999,101.49276699999999,6984.060000000001,1923.71,14243.903128,0.0,0.0,0.0,0.0,0.0,0.0,0.0,0.0,0.0,0.0,1777.866809,952.289584,0.0,0.0,0.0,0.0,0.0,0.0,0.0,0.0,0.0,5005.0,496.0,6090.0,0.0,0.0,0.0,395584.0,86294.0,703039.0,21994.0,11728.0,16987.0,1233845.0,0.0,0.0,0.0,36.0,48.0,0.0,0.0,0.0,0.0,0.0,564741.0,94052.0,0.0,0.0,0.0,0.0,0.0,0.0,0.0,0.0,466,0
0.0,787.92,53.0,134.41,0.0,0.0,0.0,3371.000000000001,1493.5999999999997,22978.220004000003,93.02811500000001,6111.119999999998,1915.2999999999997,3905.858084,0.0,0.0,0.0,0.0,0.0,0.0,0.0,0.0,0.0,0.0,1812.2946350000002,952.4329660000001,0.0,0.0,0.0,0.0,0.0,0.0,0.0,0.0,0.0,5187.0,437.0,6238.0,0.0,0.0,0.0,319444.0,77462.0,878568.0,16344.0,11425.0,18099.0,755657.0,0.0,0.0,0.0,87.0,56.0,0.0,0.0,0.0,0.0,0.0,450422.0,91056.0,0.0,0.0,0.0,0.0,0.0,0.0,0.0,0.0,480,0
0.0,847.3999999999999,105.81,104.9,0.0,0.0,0.0,4205.630000000001,1471.6399999999999,23056.969996,42.06866,5140.3099999999995,2251.9400000000005,4142.505891,0.0,0.0,0.0,0.0,0.0,0.0,0.0,0.0,0.0,0.0,2022.861918,919.773136,0.0,0.0,0.0,0.0,0.0,0.0,0.0,0.0,0.0,4675.0,498.0,5727.0,0.0,0.0,0.0,405064.0,77469.0,882524.0,6999.0,10213.0,17869.0,752648.0,0.0,0.0,0.0,53.0,42.0,0.0,0.0,0.0,0.0,0.0,503740.0,89293.0,0.0,0.0,0.0,0.0,0.0,0.0,0.0,0.0,436,0
0.0,644.0100000000001,85.86,63.93,0.0,0.0,0.0,3781.95,2089.7599999999993,22967.879998999997,38.924439,5283.550000000001,2906.1300000000006,5029.923754,0.0,0.0,0.0,0.0,0.0,0.0,0.0,0.0,0.0,0.0,1879.7850049999997,917.648601,0.0,0.0,0.0,0.0,0.0,0.0,0.0,0.0,0.0,4313.0,496.0,4308.0,0.0,0.0,0.0,435057.0,100948.0,861132.0,4876.0,9245.0,22958.0,758451.0,0.0,0.0,0.0,45.0,22.0,0.0,0.0,0.0,0.0,0.0,682849.0,96301.0,0.0,0.0,0.0,0.0,0.0,0.0,0.0,0.0,416,0
0.0,835.0200000000002,47.010000000000005,119.04,0.0,0.0,0.0,4216.340000000001,2107.899999999999,22881.869999,32.726705,6845.17,3436.17,5047.077051,0.0,0.0,0.0,0.0,0.0,0.0,0.0,0.0,0.0,0.0,1940.6444589999999,910.384928,0.0,0.0,0.0,0.0,0.0,0.0,0.0,0.0,0.0,4166.0,525.0,4860.0,0.0,0.0,0.0,472980.0,103633.0,869309.0,3595.0,10146.0,25646.0,569757.0,0.0,0.0,0.0,44.0,14.0,0.0,0.0,0.0,0.0,0.0,546364.0,100933.0,0.0,0.0,0.0,0.0,0.0,0.0,0.0,0.0,461,0
0.0,889.9099999999997,82.82,178.44,0.0,0.0,0.0,4156.74,2111.5199999999995,19215.619999,26.242537,7362.35,3084.98,2939.543495,0.0,0.0,0.0,0.0,0.0,0.0,0.0,0.0,0.0,0.0,1643.2181480000002,810.45119,0.0,0.0,0.0,0.0,0.0,0.0,0.0,0.0,0.0,4635.0,472.0,8405.0,0.0,0.0,0.0,483053.0,109067.0,733542.0,3335.0,11857.0,24443.0,386931.0,0.0,0.0,0.0,74.0,41.0,0.0,0.0,0.0,0.0,0.0,392195.0,88305.0,0.0,0.0,0.0,0.0,0.0,0.0,0.0,0.0,395,0
0.0,759.2899999999998,14.76,305.76,0.0,0.0,0.0,3950.6800000000003,2084.02,19722.319990999997,14.65214,6984.219999999999,2001.3899999999996,2721.843278,0.0,0.0,0.0,0.0,0.0,0.0,0.0,0.0,0.0,0.0,1400.414141,546.819213,0.0,0.0,0.0,0.0,0.0,0.0,0.0,0.0,0.0,4800.0,401.0,8528.0,0.0,0.0,0.0,429125.0,98554.0,779972.0,2064.0,11391.0,17790.0,300249.0,0.0,0.0,0.0,69.0,42.0,0.0,0.0,0.0,0.0,0.0,318224.0,61014.0,0.0,0.0,0.0,0.0,0.0,0.0,0.0,0.0,439,0
0.0,843.8100000000004,106.96,224.38,0.0,0.0,0.0,3450.26,1796.1200000000001,17513.099995,41.314409,6135.770000000001,2098.9499999999994,4928.422193,0.0,0.0,0.0,0.0,0.0,0.0,0.0,0.0,0.0,0.0,1398.258848,429.743527,0.0,0.0,0.0,0.0,0.0,0.0,0.0,0.0,0.0,5367.0,539.0,8107.0,0.0,0.0,0.0,369828.0,81433.0,698009.0,9020.0,10916.0,18022.0,569864.0,0.0,0.0,0.0,46.0,28.0,0.0,0.0,0.0,0.0,0.0,317925.0,49527.0,0.0,0.0,0.0,0.0,0.0,0.0,0.0,0.0,421,0
0.0,544.64,105.87,166.8,0.0,0.0,0.0,2218.72,1614.3,15767.449991999998,32.592951,7348.709999999999,1710.9100000000003,5611.703668,0.0,0.0,0.0,0.0,0.0,0.0,0.0,0.0,0.0,0.0,1420.314453,497.92329800000005,0.0,0.0,0.0,0.0,0.0,0.0,0.0,0.0,0.0,5208.0,617.0,7697.0,0.0,0.0,0.0,269142.0,77444.0,571171.0,7312.0,11619.0,15641.0,608537.0,0.0,0.0,0.0,39.0,30.0,0.0,0.0,0.0,0.0,0.0,311040.0,53659.0,0.0,0.0,0.0,0.0,0.0,0.0,0.0,0.0,446,0
0.0,904.48,140.15999999999997,201.42,0.0,0.0,0.0,595.4099999999999,1249.6800000000003,5301.910006,36.912179,8089.210000000001,1808.1799999999996,7520.517596,0.0,0.0,0.0,0.0,0.0,0.0,0.0,0.0,0.0,0.0,1452.359102,711.101946,0.0,0.0,0.0,0.0,0.0,0.0,0.0,0.0,0.0,4730.0,3135.0,7600.0,0.0,0.0,0.0,79175.0,62535.0,312034.0,8334.0,11000.0,18288.0,754105.0,0.0,0.0,0.0,49.0,26.0,0.0,0.0,0.0,0.0,0.0,326853.0,84586.0,0.0,0.0,0.0,0.0,0.0,0.0,0.0,0.0,395,0
0.0,2006.0099999999998,752.5400000000001,235.62,0.0,0.0,0.0,581.5899999999999,1250.0100000000002,4920.970000999999,17.130663,7475.579999999997,2190.0999999999995,4654.919242,0.0,0.0,0.0,0.0,0.0,0.0,0.0,0.0,0.0,0.0,1593.3610370000001,1050.928044,0.0,0.0,0.0,0.0,0.0,0.0,0.0,0.0,0.0,5782.0,7683.0,6804.0,0.0,0.0,0.0,74027.0,64137.0,289180.0,3340.0,9899.0,18075.0,424481.0,0.0,0.0,0.0,29.0,21.0,0.0,0.0,0.0,0.0,0.0,373562.0,126554.0,0.0,0.0,0.0,0.0,0.0,0.0,0.0,0.0,370,0
0.0,2406.76,768.23,151.02,0.0,0.0,0.0,567.6699999999996,1219.4299999999998,5211.649995999999,19.851155,7901.5199999999995,2728.58,0.0,0.0,0.0,0.0,0.0,0.0,0.0,0.0,0.0,0.0,0.0,1547.383644,864.717083,0.0,0.0,0.0,0.0,0.0,0.0,0.0,0.0,0.0,8004.0,7586.0,4561.0,0.0,0.0,0.0,77133.0,62468.0,286747.0,2105.0,11424.0,19540.0,0.0,0.0,0.0,0.0,33.0,13.0,0.0,0.0,0.0,0.0,0.0,362959.0,103508.0,0.0,0.0,0.0,0.0,0.0,0.0,0.0,0.0,392,0
0.0,2613.960000000001,2482.9700000000007,218.09,0.0,0.0,0.0,551.1099999999998,1182.8700000000003,5014.739998999999,27.802034,8159.3,2447.259999999999,7275.686652,0.0,0.0,0.0,0.0,0.0,0.0,0.0,0.0,0.0,0.0,1415.9587390000002,817.929855,0.0,0.0,0.0,0.0,0.0,0.0,0.0,0.0,0.0,10223.0,13985.0,5975.0,0.0,0.0,0.0,81129.0,58275.0,262875.0,2568.0,12608.0,19770.0,427179.0,0.0,0.0,0.0,58.0,32.0,0.0,0.0,0.0,0.0,0.0,339064.0,95152.0,0.0,0.0,0.0,0.0,0.0,0.0,0.0,0.0,419,0
0.0,2856.450000000001,2562.6200000000003,158.75,0.0,0.0,0.0,531.71,1142.4499999999998,8635.829994,30.122048,7494.37,1992.6399999999999,7400.080554,0.0,0.0,0.0,0.0,0.0,0.0,0.0,0.0,0.0,0.0,1220.8702349999999,978.8653730000001,0.0,0.0,0.0,0.0,0.0,0.0,0.0,0.0,0.0,7223.0,10770.0,5776.0,0.0,0.0,0.0,78466.0,54706.0,293876.0,2659.0,11633.0,17220.0,606150.0,0.0,0.0,0.0,50.0,41.0,0.0,0.0,0.0,0.0,0.0,282316.0,132577.0,0.0,0.0,0.0,0.0,0.0,0.0,0.0,0.0,405,0
0.0,3163.69,1102.14,135.18,0.0,0.0,0.0,511.88000000000017,1085.6399999999999,14174.679995999999,18.566752,6217.379999999999,2586.3100000000013,5783.768288,0.0,0.0,0.0,0.0,0.0,0.0,0.0,0.0,0.0,0.0,893.947927,1322.681943,0.0,0.0,0.0,0.0,0.0,0.0,0.0,0.0,0.0,8630.0,9049.0,5406.0,0.0,0.0,0.0,70085.0,54932.0,423838.0,1931.0,11470.0,18720.0,540090.0,0.0,0.0,0.0,42.0,45.0,0.0,0.0,0.0,0.0,0.0,167919.0,200928.0,0.0,0.0,0.0,0.0,0.0,0.0,0.0,0.0,392,0
0.0,3038.9399999999996,854.9200000000001,222.73,0.0,0.0,0.0,461.56,760.8400000000001,8301.009996,17.919419,7001.51,2135.8700000000003,3998.169491,0.0,0.0,0.0,0.0,0.0,0.0,0.0,0.0,0.0,0.0,1429.710469,1656.8831599999999,0.0,0.0,0.0,0.0,0.0,0.0,0.0,0.0,461.0,9534.0,7875.0,5863.0,0.0,0.0,0.0,50921.0,42914.0,240248.0,2240.0,12104.0,16902.0,405364.0,0.0,0.0,0.0,66.0,81.0,0.0,0.0,0.0,0.0,0.0,391349.0,211518.0,0.0,0.0,0.0,0.0,0.0,0.0,0.0,0.0,387,0
0.0,3571.2200000000003,1048.16,258.37,0.0,0.0,0.0,462.10000000000025,910.02,7138.820000999999,10.796186,6012.030000000001,2114.2000000000003,3664.533072,0.0,0.0,0.0,0.0,0.0,0.0,0.0,0.0,0.0,0.0,2803.9783669999997,2035.9204200000001,0.0,0.0,0.0,0.0,0.0,0.0,0.0,0.0,20.0,9491.0,6915.0,5595.0,0.0,0.0,0.0,51158.0,43470.0,301244.0,2222.0,10739.0,14814.0,365649.0,0.0,0.0,0.0,59.0,51.0,0.0,0.0,0.0,0.0,0.0,797478.0,282157.0,0.0,0.0,0.0,0.0,0.0,0.0,0.0,0.0,390,0
0.0,3317.0100000000007,449.85999999999996,356.25,0.0,0.0,0.0,416.95,1097.51,7799.5999839999995,9.626015,5711.960000000001,2413.6300000000006,3922.892009,0.0,0.0,0.0,0.0,0.0,0.0,0.0,0.0,0.0,0.0,2792.0781979999997,1798.054086,0.0,0.0,0.0,0.0,0.0,0.0,0.0,0.0,26.0,10855.0,4407.0,5328.0,0.0,0.0,0.0,48252.0,48824.0,359984.0,1372.0,9798.0,15261.0,374681.0,0.0,0.0,0.0,35.0,14.0,0.0,0.0,0.0,0.0,0.0,901783.0,276829.0,0.0,0.0,0.0,0.0,0.0,0.0,0.0,0.0,361,0
0.0,3306.230000000001,133.63,366.82,0.0,0.0,0.0,280.08000000000004,731.9299999999998,10213.980003,10.383864,6550.89,2263.22,4166.468929,0.0,0.0,0.0,0.0,0.0,0.0,0.0,0.0,0.0,0.0,2908.9777300000005,1723.515145,0.0,0.0,0.0,0.0,0.0,0.0,0.0,0.0,21.0,12195.0,3654.0,5832.0,0.0,0.0,0.0,41085.0,37825.0,546021.0,1635.0,10402.0,18232.0,415822.0,0.0,0.0,0.0,28.0,9.0,0.0,0.0,0.0,0.0,0.0,1013342.0,273727.0,0.0,0.0,0.0,0.0,0.0,0.0,0.0,0.0,469,0
0.0,2520.8,690.0699999999999,320.26,0.0,0.0,0.0,2763.0600000000004,1801.179999999999,5434.610006999999,3.396335,7475.4900000000025,2237.0299999999997,4329.270716,0.0,0.0,0.0,894.3199999999999,359.31999999999994,0.0,469.862156,722.152492,0.0,0.0,2579.3866759999996,1697.289355,0.0,0.0,0.0,0.0,0.0,0.0,0.0,0.0,12410.0,13613.0,6735.0,7792.0,0.0,0.0,0.0,182075.0,88505.0,258074.0,1489.0,12374.0,17833.0,449589.0,0.0,0.0,0.0,137331.0,33442.0,0.0,154395.0,100407.0,0.0,0.0,502922.0,194576.0,0.0,0.0,0.0,0.0,0.0,0.0,0.0,0.0,479,0
0.0,2594.0199999999995,559.1900000000002,378.61,0.0,0.0,0.0,2775.9799999999996,1787.9900000000002,6205.940014,21.449939999999998,6753.640000000002,2256.6100000000006,4276.663087999999,0.0,0.0,0.0,858.46,572.1700000000001,0.0,304.29,449.17475099999996,0.0,0.0,782.675907,750.4034300000001,363.81999999999994,363.82,0.0,0.0,0.0,0.0,0.0,0.0,29462.0,15759.0,6893.0,7491.0,0.0,0.0,0.0,227647.0,112384.0,278701.0,3778.0,12386.0,15907.0,441524.0,0.0,0.0,0.0,115890.0,54918.0,0.0,83335.0,51743.0,0.0,0.0,96503.0,68869.0,57150.0,55069.0,0.0,0.0,0.0,0.0,0.0,0.0,490,0
0.0,2282.05,371.9200000000001,501.08,0.0,0.0,0.0,2753.050000000001,1648.93,5420.649993999999,106.073357,5907.2,2372.4700000000007,5020.355072,0.0,0.0,0.0,857.1500000000002,571.4499999999999,0.0,304.254434,452.529555,0.0,0.0,774.0141840000001,679.6882959999999,363.82,363.82,0.0,0.0,0.0,0.0,0.0,0.0,56787.0,11756.0,5754.0,7795.0,0.0,0.0,0.0,297306.0,102952.0,289005.0,9380.0,11665.0,16355.0,493210.0,0.0,0.0,0.0,96130.0,39588.0,0.0,95025.0,58283.0,0.0,0.0,122377.0,70054.0,59458.0,48810.0,0.0,0.0,0.0,0.0,0.0,0.0,484,0
0.0,708.0199999999999,332.7300000000001,442.31,0.0,0.0,0.0,2700.9300000000007,1186.7299999999998,6204.909995999999,92.648243,6240.41,2019.9499999999998,4767.405196,0.0,0.0,0.0,857.14,571.4300000000001,0.0,228.543499,293.986145,0.0,0.0,996.5510899999999,1193.936244,230.91530999999998,230.019705,0.0,0.0,0.0,0.0,0.0,0.0,66014.0,6478.0,5841.0,7263.0,0.0,0.0,0.0,260552.0,66746.0,307392.0,9849.0,12527.0,14713.0,477897.0,0.0,0.0,0.0,115517.0,40512.0,0.0,100965.0,44034.0,0.0,0.0,259476.0,163386.0,36032.0,26693.0,0.0,0.0,0.0,0.0,0.0,0.0,461,0
0.0,500.8699999999999,275.71,627.32,0.0,0.0,0.0,2662.739999999999,963.1500000000001,6493.319999,73.821517,5735.360000000001,1634.0300000000004,5093.416858,0.0,0.0,0.0,857.1299999999999,571.4200000000001,0.0,387.96410199999997,402.683783,0.0,0.0,2387.215936,3707.889749,0.0,0.0,0.0,0.0,0.0,0.0,0.0,0.0,22462.0,4323.0,4503.0,7488.0,0.0,0.0,0.0,253709.0,54215.0,306996.0,8798.0,10971.0,13448.0,468839.0,0.0,0.0,0.0,126863.0,56035.0,0.0,206793.0,65785.0,0.0,0.0,655797.0,538565.0,0.0,0.0,0.0,0.0,0.0,0.0,0.0,0.0,440,0
0.0,307.87999999999994,115.10000000000001,811.71,0.0,0.0,0.0,2624.4000000000005,1041.2299999999998,6629.489998,55.718951,5347.199999999999,1786.1000000000001,4825.6474880000005,0.0,0.0,0.0,857.13,571.43,0.0,427.99591899999996,467.425166,0.0,0.0,2373.9906330000003,3174.847759,0.0,0.0,0.0,0.0,0.0,0.0,0.0,0.0,1720.0,3053.0,2165.0,6075.0,0.0,0.0,0.0,235415.0,51931.0,302230.0,6871.0,10259.0,13974.0,509523.0,0.0,0.0,0.0,104546.0,47496.0,0.0,240586.0,70565.0,0.0,0.0,695990.0,457663.0,0.0,0.0,0.0,0.0,0.0,0.0,0.0,0.0,514,0
0.0,421.0299999999999,132.49,649.78,0.0,0.0,0.0,2611.2999999999984,1407.6699999999985,6331.670004,66.244418,6877.820000000002,2392.4500000000003,5638.277235,0.0,0.0,0.0,857.1200000000001,571.4300000000001,0.0,422.25277000000006,438.706197,0.0,0.0,1739.0009710000002,2594.238234,0.0,0.0,0.0,0.0,0.0,0.0,0.0,0.0,1508.0,3614.0,2084.0,6972.0,0.0,0.0,0.0,258614.0,69700.0,299550.0,7363.0,11683.0,17397.0,568744.0,0.0,0.0,0.0,83326.0,41916.0,0.0,293262.0,72325.0,0.0,0.0,563296.0,378661.0,0.0,0.0,0.0,0.0,0.0,0.0,0.0,0.0,388,0
0.0,481.31000000000006,515.05,741.28,0.0,0.0,0.0,2607.1000000000017,1828.12,7161.969997,104.040085,6822.8499999999985,2311.9500000000007,5959.061632,0.0,0.0,0.0,857.15,571.42,0.0,338.57540600000004,352.000179,0.0,0.0,1947.982974,2579.675111,0.0,0.0,0.0,0.0,0.0,0.0,0.0,0.0,136083.0,4313.0,6665.0,9034.0,0.0,0.0,0.0,325145.0,94719.0,350359.0,9543.0,13410.0,17981.0,644043.0,0.0,0.0,0.0,78114.0,41398.0,524630.0,429516.0,69109.0,0.0,0.0,616204.0,366841.0,0.0,0.0,0.0,0.0,0.0,0.0,0.0,0.0,572,0
0.0,428.1000000000001,289.0,346.91,0.0,0.0,0.0,2529.859999999999,1752.750000000001,8112.029994,55.080706,6263.16,2359.5600000000004,5851.013756,0.0,0.0,0.0,857.1499999999999,571.42,0.0,348.300695,407.604019,0.0,0.0,2184.288082,3467.4038560000004,0.0,0.0,0.0,0.0,0.0,0.0,0.0,0.0,125272.0,4297.0,5294.0,8866.0,0.0,0.0,0.0,353592.0,88169.0,383909.0,9217.0,13178.0,17415.0,608983.0,0.0,0.0,0.0,83731.0,43530.0,621464.0,255514.0,63708.0,0.0,0.0,671437.0,471497.0,0.0,0.0,0.0,0.0,0.0,0.0,0.0,0.0,523,0
0.0,469.24000000000007,134.99,660.09,0.0,0.0,0.0,2230.03,1607.9399999999998,8283.230006,92.394132,5519.72,1910.0499999999995,6044.083067,0.0,0.0,0.0,857.14,571.42,0.0,395.84639,553.981737,0.0,0.0,2139.903419,3431.7173350000003,0.0,0.0,0.0,0.0,0.0,0.0,0.0,0.0,76319.0,3985.0,3775.0,8599.0,0.0,0.0,0.0,310078.0,80182.0,375711.0,7496.0,12222.0,16089.0,573630.0,0.0,0.0,0.0,73056.0,36494.0,597126.0,168440.0,56500.0,0.0,0.0,583960.0,444551.0,0.0,0.0,0.0,0.0,0.0,0.0,0.0,0.0,512,0
0.0,568.0900000000001,371.52,766.86,0.0,0.0,0.0,2090.889999999999,1588.3299999999992,8021.000001999999,53.50876,5948.43,1944.8700000000003,5927.586795,0.0,0.0,0.0,857.15,571.4300000000001,0.0,347.02227300000004,487.549212,0.0,0.0,792.1153019999999,1265.144752,0.0,0.0,0.0,0.0,0.0,0.0,0.0,0.0,88390.0,4332.0,6526.0,16110.0,0.0,0.0,0.0,322896.0,79967.0,357429.0,7018.0,12444.0,15750.0,556784.0,0.0,0.0,0.0,72996.0,37375.0,594986.0,133607.0,66951.0,0.0,0.0,210498.0,168735.0,0.0,0.0,0.0,0.0,0.0,0.0,0.0,0.0,500,0
0.0,527.9799999999998,133.68,610.07,0.0,0.0,0.0,2344.009999999999,1422.35,8218.869995000001,71.963023,5338.76,1792.0300000000002,6258.261469,0.0,0.0,0.0,857.1199999999999,571.44,0.0,354.021316,1092.415365,0.0,0.0,228.38849100000002,3.576876,0.0,0.0,0.0,0.0,0.0,0.0,0.0,0.0,91567.0,4353.0,3359.0,10254.0,0.0,0.0,0.0,400239.0,70216.0,357101.0,5088.0,11491.0,16101.0,567557.0,0.0,0.0,0.0,67488.0,41983.0,599423.0,124038.0,159108.0,0.0,0.0,63936.0,781.0,0.0,0.0,0.0,0.0,0.0,0.0,0.0,0.0,461,0
0.0,477.02000000000004,92.06000000000002,683.02,0.0,0.0,0.0,2256.74,1224.51,7810.130010999999,43.353385,5403.1,2083.979999999999,6156.608388,0.0,0.0,0.0,857.1400000000001,571.4300000000001,0.0,446.872108,2211.3244179999997,0.0,0.0,242.605329,10.596246,0.0,0.0,0.0,0.0,0.0,0.0,0.0,0.0,64150.0,3956.0,2236.0,7669.0,0.0,0.0,0.0,349457.0,58132.0,324362.0,3275.0,10804.0,17007.0,633940.0,0.0,0.0,0.0,56881.0,41418.0,570941.0,111281.0,272775.0,0.0,0.0,78710.0,2980.0,0.0,0.0,0.0,0.0,0.0,0.0,0.0,0.0,464,0
0.0,578.0200000000001,96.40000000000002,597.91,0.0,0.0,0.0,2553.2099999999996,1416.7699999999995,8769.67,58.724966,6079.91,2832.07,6574.5428999999995,0.0,0.0,0.0,857.1300000000001,571.41,0.0,402.142207,2072.576344,0.0,0.0,243.41151000000002,15.072652,0.0,0.0,0.0,0.0,0.0,0.0,0.0,0.0,88789.0,4116.0,2105.0,6394.0,0.0,0.0,0.0,418928.0,66288.0,379171.0,3368.0,11139.0,20376.0,700556.0,0.0,0.0,0.0,65494.0,43678.0,571770.0,98170.0,242669.0,0.0,0.0,94190.0,4273.0,0.0,0.0,0.0,0.0,0.0,0.0,0.0,0.0,533,0
0.0,1166.0299999999993,417.91,864.43,0.0,0.0,0.0,2521.28,1832.8099999999995,7859.0899979999995,180.15869199999997,6489.79,2485.12,6280.559005,0.0,0.0,0.0,857.15,571.4399999999999,0.0,454.034442,1975.121089,0.0,0.0,991.576425,771.3086050000001,0.0,0.0,0.0,0.0,0.0,0.0,0.0,0.0,184000.0,10752.0,5504.0,10765.0,0.0,0.0,0.0,392590.0,88493.0,360716.0,7132.0,13006.0,18973.0,691452.0,0.0,0.0,0.0,64549.0,41833.0,593274.0,126732.0,228695.0,0.0,0.0,460505.0,103031.0,0.0,0.0,0.0,0.0,0.0,0.0,0.0,0.0,520,0
0.0,1023.2800000000003,126.22000000000001,559.97,0.0,0.0,0.0,2486.8199999999993,1802.6799999999994,7309.329998999999,430.92046,6553.07,2792.76,6753.8203220000005,0.0,0.0,0.0,857.12,571.44,0.0,867.609237,2454.2251029999998,0.0,0.0,2264.316357,996.516059,0.0,0.0,0.0,0.0,0.0,0.0,0.0,0.0,187305.0,6005.0,3411.0,9355.0,0.0,0.0,0.0,430980.0,98368.0,328667.0,12302.0,12373.0,20185.0,723624.0,0.0,0.0,0.0,67924.0,42629.0,584821.0,373124.0,376753.0,0.0,0.0,910003.0,126823.0,0.0,0.0,0.0,0.0,0.0,0.0,0.0,0.0,497,0
0.0,1151.1899999999998,136.22000000000003,658.46,0.0,0.0,0.0,2088.38,1242.8999999999996,8131.249985999999,125.45335499999999,6258.329999999998,2756.2100000000005,6894.248303,0.0,0.0,0.0,857.1400000000001,571.42,0.0,1888.278836,2466.0295849999998,0.0,0.0,1304.874762,2786.935136,0.0,0.0,0.0,0.0,0.0,0.0,0.0,0.0,136989.0,6711.0,3405.0,9883.0,0.0,0.0,0.0,412431.0,75278.0,457145.0,5437.0,10718.0,20758.0,717629.0,0.0,0.0,0.0,59749.0,40784.0,571482.0,760894.0,347890.0,0.0,0.0,414789.0,429714.0,0.0,0.0,0.0,0.0,0.0,0.0,0.0,0.0,472,0
0.0,796.0699999999999,329.2300000000001,525.9,0.0,0.0,0.0,1924.17,969.7899999999996,6469.730001000001,60.176104,6209.599999999999,2602.43,6469.87101,0.0,0.0,0.0,853.6700000000001,590.65,0.0,2347.836002,2653.335628,0.0,0.0,2262.077425,3414.9706149999997,0.0,0.0,0.0,0.0,0.0,0.0,0.0,0.0,138333.0,6653.0,5179.0,9667.0,0.0,0.0,0.0,396027.0,62767.0,334118.0,4789.0,10744.0,21280.0,685250.0,0.0,0.0,0.0,66924.0,41777.0,565183.0,637318.0,325003.0,0.0,0.0,601064.0,572480.0,0.0,0.0,0.0,0.0,0.0,0.0,0.0,0.0,427,0
0.0,619.4699999999999,269.64000000000004,393.32,0.0,0.0,0.0,1995.3799999999999,833.9000000000002,6220.729986,37.862014,6105.96,2500.230000000001,5977.75138,0.0,0.0,0.0,853.6400000000001,590.6400000000001,0.0,2255.2831610000003,2383.7702639999998,0.0,0.0,1876.5394689999998,3821.247061,0.0,0.0,0.0,0.0,0.0,0.0,0.0,0.0,141059.0,5308.0,5295.0,9173.0,0.0,0.0,0.0,426965.0,53526.0,319291.0,3387.0,10318.0,18972.0,623403.0,0.0,0.0,0.0,66480.0,44884.0,562029.0,661981.0,296137.0,0.0,0.0,464119.0,624996.0,0.0,0.0,0.0,0.0,0.0,0.0,0.0,0.0,417,0
0.0,753.4299999999998,135.0,686.26,0.0,0.0,0.0,2316.6399999999994,1019.7,6842.54,38.754521,6218.58,2532.46,5594.1765430000005,0.0,0.0,0.0,853.6100000000001,590.64,0.0,1852.8164769999998,1124.3671920000002,0.0,0.0,1706.519928,3980.1057770000007,0.0,0.0,0.0,0.0,0.0,0.0,0.0,0.0,104428.0,6176.0,4384.0,7503.0,0.0,0.0,0.0,447812.0,55445.0,379880.0,2343.0,8962.0,18368.0,603701.0,0.0,0.0,0.0,58487.0,42797.0,545781.0,900228.0,174796.0,0.0,0.0,456618.0,674584.0,0.0,0.0,0.0,0.0,0.0,0.0,0.0,0.0,435,0
0.0,911.31,197.95999999999998,924.18,0.0,0.0,0.0,2423.629999999999,1326.21,5040.319998999999,37.183585,7191.179999999999,2765.9600000000005,6629.439657,0.0,0.0,0.0,853.6500000000001,590.6499999999999,0.0,1499.800238,722.4215969999999,0.0,0.0,1641.395152,3930.7606099999994,0.0,0.0,0.0,0.0,0.0,0.0,0.0,0.0,134880.0,6116.0,4882.0,8585.0,0.0,0.0,0.0,491356.0,68721.0,297859.0,1775.0,10662.0,18586.0,653474.0,0.0,0.0,0.0,55538.0,43905.0,532700.0,1007186.0,133139.0,0.0,0.0,433554.0,613453.0,0.0,0.0,0.0,0.0,0.0,0.0,0.0,0.0,492,0
0.0,771.9800000000002,546.5300000000002,735.94,0.0,0.0,0.0,2362.290000000001,1584.4799999999998,3641.260002,61.17014,7562.559999999997,2344.799999999999,6194.183731,0.0,0.0,0.0,853.6500000000001,590.6500000000001,0.0,2099.988362,1018.2826979999999,0.0,0.0,1507.172376,4510.7270229999995,0.0,0.0,0.0,0.0,0.0,0.0,0.0,0.0,170966.0,5279.0,7971.0,10607.0,0.0,0.0,0.0,471417.0,84562.0,208072.0,2850.0,12181.0,18880.0,634387.0,0.0,0.0,0.0,53452.0,45938.0,558933.0,827472.0,149982.0,0.0,0.0,445187.0,628493.0,0.0,0.0,0.0,0.0,0.0,0.0,0.0,0.0,488,0
0.0,667.27,329.7,499.14,0.0,0.0,0.0,2289.849999999999,1433.5599999999997,4999.820003,62.797184,6622.139999999998,2356.0800000000004,6045.478741,0.0,0.0,0.0,853.6699999999998,590.65,0.0,2291.829224,2603.5459060000003,0.0,0.0,2162.433378,5252.582806,0.0,0.0,0.0,0.0,0.0,0.0,0.0,0.0,216246.0,4993.0,8016.0,9641.0,0.0,0.0,0.0,441786.0,74151.0,279885.0,3680.0,11477.0,17825.0,644277.0,0.0,0.0,0.0,66708.0,49542.0,543893.0,868693.0,470530.0,0.0,0.0,563853.0,750781.0,0.0,0.0,0.0,0.0,0.0,0.0,0.0,0.0,432,0
0.0,854.19,296.75000000000006,545.93,0.0,0.0,0.0,2697.8500000000026,746.0500000000002,3940.7300020000002,61.095679000000004,7159.470000000001,1823.4499999999996,6459.106544,0.0,0.0,0.0,853.63,590.66,0.0,1554.7375980000002,4462.230277,0.0,0.0,3007.083799,5512.175646,0.0,0.0,0.0,0.0,0.0,0.0,0.0,0.0,242601.0,5332.0,6570.0,9641.0,0.0,0.0,0.0,530717.0,39410.0,183671.0,4213.0,11600.0,17459.0,670600.0,0.0,0.0,0.0,58558.0,46963.0,546281.0,655727.0,909287.0,0.0,0.0,716458.0,803590.0,0.0,0.0,0.0,0.0,0.0,0.0,0.0,0.0,411,0
0.0,648.71,764.2200000000003,678.61,0.0,0.0,0.0,2575.2999999999993,1024.8899999999999,3675.7400060000004,80.49911900000001,7040.249999999999,1416.6700000000003,5670.719883,0.0,0.0,0.0,853.66,590.63,0.0,693.814807,2189.7613280000005,0.0,0.0,1395.8279469999998,2772.97419,0.0,0.0,0.0,0.0,0.0,0.0,0.0,0.0,247958.0,5175.0,14420.0,9325.0,0.0,0.0,0.0,502159.0,52710.0,177353.0,5505.0,11481.0,15118.0,647944.0,0.0,0.0,0.0,64475.0,46488.0,513215.0,246664.0,355806.0,0.0,0.0,304137.0,376143.0,0.0,0.0,0.0,0.0,0.0,0.0,0.0,0.0,417,0
0.0,475.44999999999993,205.53,425.94,0.0,0.0,0.0,2604.840000000001,853.3600000000001,4144.009997,191.107483,5891.8200000000015,1402.2999999999997,5411.097487999999,0.0,0.0,0.0,853.6400000000001,590.64,0.0,0.0,0.0,0.0,0.0,0.0,0.0,0.0,0.0,0.0,0.0,0.0,0.0,0.0,0.0,192749.0,4991.0,6876.0,8602.0,0.0,0.0,0.0,479868.0,40643.0,200145.0,9745.0,10059.0,12687.0,590897.0,0.0,0.0,0.0,61237.0,49037.0,526754.0,0.0,0.0,0.0,0.0,0.0,0.0,0.0,0.0,0.0,0.0,0.0,0.0,0.0,0.0,338,0
0.0,375.31999999999994,206.20000000000005,394.78,0.0,0.0,0.0,2457.8900000000003,514.8499999999998,5650.169997000001,121.78984700000001,5548.44,1492.9500000000003,5513.435657,0.0,0.0,0.0,853.6399999999999,590.6400000000001,0.0,0.0,0.0,0.0,0.0,0.0,0.0,0.0,0.0,0.0,0.0,0.0,0.0,0.0,0.0,88162.0,4890.0,5161.0,6142.0,0.0,0.0,0.0,405085.0,21587.0,295455.0,6500.0,8809.0,13834.0,607596.0,0.0,0.0,0.0,61609.0,49399.0,472190.0,0.0,0.0,0.0,0.0,0.0,0.0,0.0,0.0,0.0,0.0,0.0,0.0,0.0,0.0,350,0
0.0,336.55999999999995,259.45000000000005,575.62,0.0,0.0,0.0,1665.6099999999997,515.3899999999998,5938.680007999999,269.014315,6394.320000000001,1694.5599999999993,6405.406962,0.0,0.0,0.0,853.66,590.63,0.0,0.0,0.0,0.0,0.0,0.0,0.0,0.0,0.0,0.0,0.0,0.0,0.0,0.0,0.0,105164.0,4589.0,4740.0,6080.0,0.0,0.0,0.0,288161.0,22407.0,582600.0,9759.0,9952.0,16203.0,697316.0,0.0,0.0,0.0,62044.0,47694.0,432378.0,0.0,0.0,0.0,0.0,0.0,0.0,0.0,0.0,0.0,0.0,0.0,0.0,0.0,0.0,451,0
0.0,475.19,445.31,234.88,0.0,0.0,0.0,2280.7699999999986,679.2300000000001,1925.4999990000001,95.29612499999999,7263.629999999996,1586.4800000000002,5966.655772,0.0,0.0,0.0,882.34,294.10999999999996,0.0,0.0,0.0,0.0,0.0,0.0,0.0,0.0,0.0,0.0,0.0,0.0,0.0,0.0,0.0,117269.0,4914.0,7851.0,7354.0,0.0,0.0,0.0,472545.0,33033.0,87470.0,3100.0,11653.0,16263.0,691064.0,0.0,0.0,0.0,94673.0,33488.0,583764.0,0.0,0.0,0.0,0.0,0.0,0.0,0.0,0.0,0.0,0.0,0.0,0.0,0.0,0.0,417,0
0.0,303.45000000000005,157.83,337.38,0.0,0.0,0.0,2250.419999999999,674.7899999999997,4281.309994,0.0,7190.740000000001,1799.23,5472.157966,0.0,0.0,0.0,882.3600000000001,294.09,0.0,0.0,0.0,0.0,0.0,0.0,0.0,0.0,0.0,0.0,0.0,0.0,0.0,0.0,0.0,128115.0,3436.0,3841.0,5974.0,0.0,0.0,0.0,434070.0,36951.0,179628.0,0.0,11521.0,15380.0,746442.0,0.0,0.0,0.0,70291.0,28545.0,589281.0,0.0,0.0,0.0,0.0,0.0,0.0,0.0,0.0,0.0,0.0,0.0,0.0,0.0,0.0,372,0
0.0,433.46999999999986,124.89000000000001,288.8,0.0,0.0,0.0,2237.53,663.82,6093.660001,0.0,7414.159999999998,1283.1399999999999,5884.820095,0.0,0.0,0.0,882.3699999999999,294.11,0.0,0.0,0.0,0.0,0.0,0.0,0.0,0.0,0.0,0.0,0.0,0.0,0.0,0.0,0.0,140262.0,4764.0,3152.0,7674.0,0.0,0.0,0.0,438637.0,38783.0,267762.0,0.0,11425.0,12569.0,704097.0,0.0,0.0,0.0,72075.0,29551.0,567412.0,0.0,0.0,0.0,0.0,0.0,0.0,0.0,0.0,0.0,0.0,0.0,0.0,0.0,0.0,431,0
0.0,377.5400000000001,285.67,219.28,0.0,0.0,0.0,2200.129999999999,651.3800000000001,6967.730001000001,0.0,6782.840000000001,1201.3500000000001,5070.656975,0.0,0.0,0.0,882.3399999999999,294.11,0.0,0.0,0.0,0.0,0.0,0.0,0.0,0.0,0.0,0.0,0.0,0.0,0.0,0.0,0.0,134658.0,4328.0,5974.0,6672.0,0.0,0.0,0.0,438016.0,33740.0,248397.0,0.0,10455.0,11822.0,716702.0,0.0,0.0,0.0,72465.0,28924.0,530482.0,0.0,0.0,0.0,0.0,0.0,0.0,0.0,0.0,0.0,0.0,0.0,0.0,0.0,0.0,400,0
0.0,320.98999999999995,206.54000000000002,528.74,0.0,0.0,0.0,2179.5999999999995,637.52,6273.219999999999,0.0,5805.3499999999985,1003.0899999999998,4911.69905,0.0,0.0,0.0,882.3300000000002,294.12,0.0,0.0,0.0,0.0,0.0,0.0,0.0,0.0,0.0,0.0,0.0,0.0,0.0,0.0,0.0,100016.0,3666.0,5389.0,7011.0,0.0,0.0,0.0,439768.0,32670.0,207768.0,0.0,9436.0,11907.0,634485.0,0.0,0.0,0.0,69519.0,29043.0,532892.0,0.0,0.0,0.0,0.0,0.0,0.0,0.0,0.0,0.0,0.0,0.0,0.0,0.0,0.0,347,0
0.0,209.61999999999998,37.67,509.8,0.0,0.0,0.0,2190.7900000000004,614.21,6695.47,0.0,5176.100000000002,1367.6200000000001,5037.582978,0.0,0.0,0.0,882.3400000000001,294.12,0.0,0.0,0.0,0.0,0.0,0.0,0.0,0.0,0.0,0.0,0.0,0.0,0.0,0.0,0.0,87397.0,2940.0,2545.0,6476.0,0.0,0.0,0.0,447694.0,30307.0,215853.0,0.0,8378.0,13585.0,678784.0,0.0,0.0,0.0,78661.0,29596.0,481289.0,0.0,0.0,0.0,0.0,0.0,0.0,0.0,0.0,0.0,0.0,0.0,0.0,0.0,0.0,331,0
0.0,239.76,72.14,607.62,0.0,0.0,0.0,2243.85,610.56,5526.789998,0.0,6418.970000000001,1772.9,5422.355141,0.0,0.0,0.0,882.35,294.1,0.0,0.0,0.0,0.0,0.0,0.0,0.0,0.0,0.0,0.0,0.0,0.0,0.0,0.0,0.0,87348.0,3574.0,2020.0,6472.0,0.0,0.0,0.0,471268.0,31592.0,185577.0,0.0,9392.0,15094.0,711889.0,0.0,0.0,0.0,78550.0,29946.0,475618.0,0.0,0.0,0.0,0.0,0.0,0.0,0.0,0.0,0.0,0.0,0.0,0.0,0.0,0.0,347,0
0.0,314.78,301.09999999999997,307.34,0.0,0.0,0.0,2252.68,593.24,3320.209997,0.0,6673.2300000000005,2070.2400000000002,5633.687148,0.0,0.0,0.0,882.3299999999999,294.1,0.0,0.0,0.0,0.0,0.0,0.0,0.0,0.0,0.0,0.0,0.0,0.0,0.0,0.0,0.0,88166.0,4347.0,5773.0,6785.0,0.0,0.0,0.0,465476.0,31003.0,146125.0,0.0,10231.0,17640.0,751282.0,0.0,0.0,0.0,78916.0,30550.0,471864.0,0.0,0.0,0.0,0.0,0.0,0.0,0.0,0.0,0.0,0.0,0.0,0.0,0.0,0.0,389,1
0.0,413.55000000000024,127.99000000000001,305.02,0.0,0.0,0.0,1615.75,573.82,2706.3999999999996,0.0,8256.430000000004,1856.6299999999997,4811.737903,0.0,0.0,0.0,882.3399999999999,294.11,0.0,0.0,0.0,0.0,0.0,0.0,0.0,0.0,0.0,0.0,0.0,0.0,0.0,0.0,0.0,79595.0,5716.0,3491.0,8170.0,0.0,0.0,0.0,328295.0,30137.0,121797.0,0.0,11014.0,16910.0,736339.0,0.0,0.0,0.0,76720.0,29610.0,544651.0,0.0,0.0,0.0,0.0,0.0,0.0,0.0,0.0,0.0,0.0,0.0,0.0,0.0,0.0,367,0
0.0,395.97999999999996,213.69999999999993,103.62,0.0,0.0,0.0,1251.0499999999997,548.27,3938.090001,0.0,7426.689999999999,1715.5600000000002,5327.3352540000005,0.0,0.0,0.0,810.03,294.09999999999997,0.0,0.0,0.0,0.0,0.0,0.0,0.0,0.0,0.0,0.0,0.0,0.0,0.0,0.0,0.0,19371.0,5354.0,4683.0,6690.0,0.0,0.0,0.0,220379.0,34756.0,160317.0,0.0,10715.0,15955.0,711163.0,0.0,0.0,0.0,70844.0,28702.0,549139.0,0.0,0.0,0.0,0.0,0.0,0.0,0.0,0.0,0.0,0.0,0.0,0.0,0.0,0.0,342,0
0.0,333.7699999999999,407.29,145.41,0.0,0.0,0.0,1227.5299999999995,485.59,2234.639999,0.0,6948.2,1817.02,4457.1184299999995,0.0,0.0,0.0,589.9699999999999,294.11,0.0,0.0,0.0,0.0,0.0,0.0,0.0,0.0,0.0,0.0,0.0,0.0,0.0,0.0,0.0,18707.0,4136.0,7064.0,6032.0,0.0,0.0,0.0,216769.0,34156.0,141579.0,0.0,10123.0,14537.0,674562.0,0.0,0.0,0.0,62227.0,26661.0,515701.0,0.0,0.0,0.0,0.0,0.0,0.0,0.0,0.0,0.0,0.0,0.0,0.0,0.0,0.0,366,0
0.0,362.6600000000001,171.41000000000003,136.54,0.0,0.0,0.0,1194.4200000000003,341.1399999999999,2587.35,0.0,5933.709999999998,1343.9300000000003,3798.915133,0.0,0.0,0.0,788.79,294.1,0.0,0.0,0.0,0.0,0.0,0.0,0.0,0.0,0.0,0.0,0.0,0.0,0.0,0.0,0.0,20562.0,4378.0,4396.0,5206.0,0.0,0.0,0.0,203870.0,22442.0,139544.0,0.0,9404.0,11930.0,540752.0,0.0,0.0,0.0,110410.0,26352.0,497129.0,0.0,0.0,0.0,0.0,0.0,0.0,0.0,0.0,0.0,0.0,0.0,0.0,0.0,0.0,304,0
0.0,310.50000000000006,65.3,109.17,0.0,0.0,0.0,1219.6399999999999,477.7299999999998,2709.5099969999997,0.0,5756.33,1161.65,4243.30297,0.0,0.0,0.0,726.9999999999999,294.11,0.0,0.0,0.0,0.0,0.0,0.0,0.0,0.0,0.0,0.0,0.0,0.0,0.0,0.0,0.0,19966.0,4314.0,2064.0,3429.0,0.0,0.0,0.0,182737.0,26628.0,142791.0,0.0,8058.0,11329.0,568285.0,0.0,0.0,0.0,91197.0,27450.0,466415.0,0.0,0.0,0.0,0.0,0.0,0.0,0.0,0.0,0.0,0.0,0.0,0.0,0.0,0.0,311,0
0.0,284.53000000000003,94.42999999999999,51.48,0.0,0.0,0.0,1150.3600000000001,438.3600000000001,3095.980003,0.0,7938.94,1307.2300000000002,5264.9433819999995,0.0,0.0,0.0,812.5699999999999,294.1,0.0,0.0,0.0,0.0,0.0,0.0,0.0,0.0,0.0,0.0,0.0,0.0,0.0,0.0,0.0,37155.0,4534.0,2328.0,3066.0,0.0,0.0,0.0,206060.0,27916.0,169413.0,0.0,9830.0,13412.0,633548.0,0.0,0.0,0.0,116421.0,28048.0,384687.0,0.0,0.0,0.0,0.0,0.0,0.0,0.0,0.0,0.0,0.0,0.0,0.0,0.0,0.0,379,0
0.0,446.3500000000001,224.49999999999994,38.62,0.0,0.0,0.0,3484.45,867.2599999999998,2449.279997000001,0.0,7417.919999999999,1317.29,4652.43564,0.0,0.0,0.0,882.38,294.11,0.0,0.0,0.0,0.0,0.0,0.0,0.0,0.0,0.0,0.0,0.0,0.0,0.0,0.0,0.0,120797.0,5725.0,6388.0,5292.0,0.0,0.0,0.0,435440.0,50212.0,106895.0,0.0,11113.0,10693.0,523611.0,0.0,0.0,0.0,127481.0,27659.0,87436.0,0.0,0.0,0.0,0.0,0.0,0.0,0.0,0.0,0.0,0.0,0.0,0.0,0.0,0.0,378,0
0.0,472.82999999999987,222.35,83.71,0.0,0.0,0.0,3116.42,1024.31,2534.1300000000006,0.0,6715.549999999999,965.7000000000002,4236.495755999999,0.0,0.0,0.0,872.3600000000001,294.09999999999997,0.0,0.0,0.0,0.0,0.0,0.0,0.0,0.0,0.0,0.0,0.0,0.0,0.0,0.0,0.0,115713.0,5902.0,5476.0,4540.0,0.0,0.0,0.0,536054.0,57745.0,105812.0,0.0,10712.0,10419.0,521333.0,0.0,0.0,0.0,119828.0,25257.0,4.0,0.0,0.0,0.0,0.0,0.0,0.0,0.0,0.0,0.0,0.0,0.0,0.0,0.0,0.0,373,0
0.0,399.34999999999997,280.67,41.66,0.0,0.0,0.0,2680.7300000000005,1139.7600000000002,3091.4700000000003,0.0,6651.009999999999,1139.6300000000003,4894.490544,0.0,0.0,0.0,669.12,294.12,0.0,0.0,0.0,0.0,0.0,0.0,0.0,0.0,0.0,0.0,0.0,0.0,0.0,0.0,0.0,113213.0,5262.0,5095.0,4301.0,0.0,0.0,0.0,604277.0,62263.0,125296.0,0.0,10586.0,10961.0,551306.0,0.0,0.0,0.0,71778.0,25903.0,2.0,0.0,0.0,0.0,0.0,0.0,0.0,0.0,0.0,0.0,0.0,0.0,0.0,0.0,0.0,357,0
0.0,490.1000000000001,735.5,128.12,0.0,0.0,0.0,2946.8200000000006,1122.3199999999995,4646.100001000001,0.0,6886.180000000001,915.14,5034.103172,0.0,0.0,0.0,601.95,294.11,0.0,0.0,0.0,0.0,0.0,0.0,0.0,0.0,0.0,0.0,0.0,0.0,0.0,0.0,0.0,137210.0,5006.0,11296.0,5521.0,0.0,0.0,0.0,559677.0,61585.0,174305.0,0.0,10822.0,9277.0,620337.0,0.0,0.0,0.0,62497.0,21801.0,0.0,0.0,0.0,0.0,0.0,0.0,0.0,0.0,0.0,0.0,0.0,0.0,0.0,0.0,0.0,381,0
0.0,376.7600000000001,528.0500000000001,138.29,0.0,0.0,0.0,1527.69,798.8299999999998,6919.469998000001,0.0,4151.82,802.93,4585.195838,0.0,0.0,0.0,644.49,294.10999999999996,0.0,0.0,0.0,0.0,0.0,0.0,0.0,0.0,0.0,0.0,0.0,0.0,0.0,0.0,0.0,119026.0,4916.0,9399.0,4260.0,0.0,0.0,0.0,306406.0,45347.0,245416.0,0.0,9377.0,7430.0,604793.0,0.0,0.0,0.0,68809.0,20565.0,0.0,0.0,0.0,0.0,0.0,0.0,0.0,0.0,0.0,0.0,0.0,0.0,0.0,0.0,0.0,298,0
0.0,369.12000000000006,201.67999999999998,122.16,0.0,0.0,0.0,710.5200000000001,764.76,6390.719997000001,0.0,5782.139999999999,952.18,5692.505524,0.0,0.0,0.0,0.98,0.21000000000000002,0.0,0.0,0.0,0.0,0.0,0.0,0.0,0.0,0.0,0.0,0.0,0.0,0.0,0.0,0.0,9955.0,4948.0,5060.0,3802.0,0.0,0.0,0.0,155441.0,45618.0,233225.0,0.0,8473.0,8085.0,631975.0,0.0,0.0,0.0,165.0,19.0,0.0,0.0,0.0,0.0,0.0,0.0,0.0,0.0,0.0,0.0,0.0,0.0,0.0,0.0,0.0,318,0
0.0,468.56,166.58999999999997,109.89,0.0,0.0,0.0,708.97,783.26,6436.989998,0.0,7697.849999999998,1266.2199999999998,6738.4613389999995,0.0,0.0,0.0,0.0,0.0,0.0,0.0,0.0,0.0,0.0,0.0,0.0,0.0,0.0,0.0,0.0,0.0,0.0,0.0,0.0,10804.0,4382.0,4041.0,3682.0,0.0,0.0,0.0,149017.0,46412.0,255809.0,0.0,10255.0,10436.0,713520.0,0.0,0.0,0.0,44.0,11.0,1.0,0.0,0.0,0.0,0.0,0.0,0.0,0.0,0.0,0.0,0.0,0.0,0.0,0.0,0.0,166,0
0.0,698.4400000000002,414.97000000000014,163.51,0.0,0.0,0.0,705.5000000000001,757.66,4219.099996999999,0.0,7159.399999999998,1133.38,6086.674009,0.0,0.0,0.0,0.0,0.0,0.0,0.0,0.0,0.0,0.0,0.0,0.0,0.0,0.0,0.0,0.0,0.0,0.0,0.0,0.0,11485.0,4560.0,7574.0,5912.0,0.0,0.0,0.0,147790.0,52767.0,174604.0,0.0,10874.0,8755.0,648492.0,0.0,0.0,0.0,49.0,6.0,0.0,0.0,0.0,0.0,0.0,0.0,0.0,0.0,0.0,0.0,0.0,0.0,0.0,0.0,0.0,316,0
0.0,806.4800000000002,65.43,131.58,0.0,0.0,0.0,701.2899999999998,669.63,858.18,0.0,6764.410000000002,1133.6000000000001,5910.935275,0.0,0.0,0.0,0.0,0.0,0.0,0.0,0.0,0.0,0.0,0.0,0.0,0.0,0.0,0.0,0.0,0.0,0.0,0.0,0.0,10334.0,4971.0,1871.0,5539.0,0.0,0.0,0.0,134681.0,43599.0,29658.0,0.0,9728.0,10425.0,593188.0,0.0,0.0,0.0,77.0,1.0,0.0,0.0,0.0,0.0,0.0,0.0,0.0,0.0,0.0,0.0,0.0,0.0,0.0,0.0,0.0,338,0
0.0,817.0300000000002,65.72,42.67,0.0,0.0,0.0,697.97,754.09,1143.97,0.0,6460.050000000003,1223.9699999999998,8363.887398,0.0,0.0,0.0,0.0,0.0,0.0,0.0,0.0,0.0,0.0,0.0,0.0,0.0,0.0,0.0,0.0,0.0,0.0,0.0,0.0,12172.0,4683.0,1471.0,4257.0,0.0,0.0,0.0,143993.0,43567.0,31353.0,0.0,9523.0,10219.0,654978.0,0.0,0.0,0.0,59.0,5.0,0.0,0.0,0.0,0.0,0.0,0.0,0.0,0.0,0.0,0.0,0.0,0.0,0.0,0.0,0.0,324,0
0.0,853.7500000000002,161.91,15.55,0.0,0.0,0.0,665.77,729.0699999999999,2059.2400000000002,0.0,5667.280000000004,1427.3300000000004,2765.815517,0.0,0.0,0.0,0.0,0.0,0.0,0.0,0.0,0.0,0.0,0.0,0.0,0.0,0.0,0.0,0.0,0.0,0.0,0.0,0.0,14474.0,4714.0,4619.0,1366.0,0.0,0.0,0.0,137501.0,41603.0,89308.0,0.0,8781.0,10878.0,229263.0,0.0,0.0,0.0,81.0,0.0,0.0,0.0,0.0,0.0,0.0,0.0,0.0,0.0,0.0,0.0,0.0,0.0,0.0,0.0,0.0,280,0
0.0,502.6799999999999,50.0,0.0,0.0,0.0,0.0,652.47,633.0500000000001,2413.579998,0.0,4481.48,1317.37,1499.77966,0.0,0.0,0.0,0.0,0.0,0.0,0.0,0.0,0.0,0.0,0.0,0.0,0.0,0.0,0.0,0.0,0.0,0.0,0.0,0.0,18544.0,2988.0,1634.0,0.0,0.0,0.0,0.0,138838.0,36350.0,111069.0,0.0,8092.0,10143.0,127291.0,0.0,0.0,0.0,80.0,3.0,0.0,0.0,0.0,0.0,0.0,0.0,0.0,0.0,0.0,0.0,0.0,0.0,0.0,0.0,0.0,270,0
0.0,0.0,0.0,0.0,0.0,0.0,0.0,638.4200000000001,565.05,2338.989996,0.0,3387.91,1472.5500000000002,1245.629168,0.0,0.0,0.0,0.0,0.0,0.0,0.0,0.0,0.0,0.0,0.0,0.0,0.0,0.0,0.0,0.0,0.0,0.0,0.0,0.0,15834.0,0.0,0.0,0.0,0.0,0.0,0.0,138871.0,26512.0,137654.0,0.0,6823.0,10804.0,111238.0,0.0,0.0,0.0,54.0,8.0,0.0,0.0,0.0,0.0,0.0,0.0,0.0,0.0,0.0,0.0,0.0,0.0,0.0,0.0,0.0,244,0
0.0,0.0,0.0,0.0,0.0,0.0,0.0,693.5300000000001,649.5000000000001,1990.16,0.0,3906.83,2235.0099999999998,1038.748522,0.0,0.0,4487.0,0.0,0.0,0.0,0.0,0.0,0.0,0.0,0.0,0.0,0.0,0.0,0.0,0.0,0.0,0.0,0.0,0.0,18519.0,0.0,0.0,0.0,0.0,0.0,0.0,150002.0,32256.0,125125.0,0.0,7450.0,14005.0,109395.0,0.0,0.0,0.0,71.0,6.0,0.0,0.0,0.0,0.0,0.0,0.0,0.0,0.0,0.0,0.0,0.0,0.0,0.0,0.0,0.0,301,0
0.0,0.0,0.0,0.0,0.0,0.0,0.0,686.6900000000002,652.8999999999999,1991.1,0.0,3591.329999999999,1124.4299999999998,1106.59,0.0,0.0,5274.0,0.0,0.0,0.0,0.0,0.0,0.0,0.0,0.0,0.0,0.0,0.0,0.0,0.0,0.0,0.0,0.0,0.0,10190.0,0.0,0.0,0.0,0.0,0.0,0.0,138406.0,43392.0,126587.0,0.0,8842.0,9362.0,111969.0,0.0,0.0,0.0,107.0,3.0,0.0,0.0,0.0,0.0,0.0,0.0,0.0,0.0,0.0,0.0,0.0,0.0,0.0,0.0,0.0,279,0
0.0,0.0,0.0,0.0,0.0,0.0,0.0,679.49,544.0,2848.5200000000004,0.0,3712.5499999999997,1085.38,943.892377,0.0,0.0,15358.0,0.0,0.0,0.0,0.0,0.0,0.0,0.0,0.0,0.0,0.0,0.0,0.0,0.0,0.0,0.0,0.0,0.0,60.0,0.0,0.0,0.0,0.0,0.0,0.0,141875.0,37502.0,193839.0,0.0,8809.0,8865.0,100938.0,0.0,0.0,0.0,72.0,2.0,0.0,0.0,0.0,0.0,0.0,0.0,0.0,0.0,0.0,0.0,0.0,0.0,0.0,0.0,0.0,289,0
0.0,0.0,0.0,0.0,0.0,0.0,0.0,336.70000000000005,512.89,4218.95,0.0,3942.5799999999986,978.7,1005.365032,0.0,0.0,13096.0,0.0,0.0,0.0,0.0,0.0,0.0,0.0,0.0,0.0,0.0,0.0,0.0,0.0,0.0,0.0,0.0,0.0,64.0,0.0,0.0,0.0,0.0,0.0,0.0,64396.0,36933.0,284775.0,0.0,8433.0,8861.0,97298.0,0.0,0.0,0.0,72.0,15.0,0.0,0.0,0.0,0.0,0.0,0.0,0.0,0.0,0.0,0.0,0.0,0.0,0.0,0.0,0.0,249,0
0.0,0.0,0.0,0.0,0.0,0.0,0.0,327.13,527.76,6482.000003000001,0.0,3476.9299999999994,930.72,943.872171,0.0,0.0,10042.0,0.0,0.0,0.0,0.0,0.0,0.0,0.0,0.0,0.0,0.0,0.0,0.0,0.0,0.0,0.0,0.0,0.0,43.0,0.0,0.0,0.0,0.0,0.0,0.0,62111.0,38236.0,418540.0,0.0,8223.0,7816.0,100434.0,0.0,0.0,0.0,81.0,4.0,0.0,0.0,0.0,0.0,0.0,0.0,0.0,0.0,0.0,0.0,0.0,0.0,0.0,0.0,0.0,238,0
