Day,Amazon_MediaCost_alpha=0.1L=2theta=0_power=0.6,BingSearch_MediaCost_alpha=0.1L=2theta=0_power=0.1,DV360_MediaCost_alpha=0.1L=2theta=0_power=0.6,Facebook_MediaCost_alpha=0.9L=20theta=0_power=0.6,GoogleSearch_MediaCost_alpha=0.6L=10theta=0_power=0.1,Pinterest_MediaCost_alpha=0.1L=2theta=0_power=0.6,Radio_MediaCost_alpha=0.1L=2theta=0_power=0.6,Snapchat_MediaCost_alpha=0.1L=2theta=0_power=0.6,YouTube_MediaCost_alpha=0.9L=6theta=0_power=0.1,Amazon_Impressions,BingSearch_Impressions,DV360_Impressions,Facebook_Impressions,GoogleSearch_Impressions,Pinterest_Impressions,Radio_Impressions,Snapchat_Impressions,YouTube_Impressions,holiday,Revenue
2021-03-15,0.0,1.9202512444286235,0.0,427.7742784839192,2.577201813024022,0.0,0.0,0.0,1.988690661198436,0.0,15886.0,0.0,1809701.0,649419.0,0.0,0.0,0.0,211336.0,0,72654.15
2021-03-16,0.0,1.9487701110048343,0.0,436.86842581586126,2.5793008025240867,0.0,0.0,0.0,1.996717145034404,0.0,14890.0,0.0,1840023.0,640182.0,0.0,0.0,0.0,189616.0,0,71689.3
2021-03-17,0.0,1.937638572318585,0.0,451.6681022489091,2.5912107697328084,0.0,0.0,0.0,1.9969418034004771,0.0,15267.0,0.0,2212734.0,635576.0,0.0,0.0,0.0,166885.0,0,98203.77
2021-03-18,0.0,1.9302597000507327,0.0,451.81702190174826,2.598079216247783,0.0,0.0,0.0,1.9977852460387135,0.0,13666.0,0.0,1603360.0,642237.0,0.0,0.0,0.0,165712.0,0,93277.35
2021-03-19,0.0,1.908623835201511,0.0,427.2378676423702,2.585904660393914,0.0,0.0,0.0,1.9951990470859988,0.0,12839.0,0.0,1029695.0,587688.0,0.0,0.0,0.0,143247.0,0,78780.85
2021-03-20,0.0,1.9081301884216255,0.0,409.5645669461753,2.572958501140019,0.0,0.0,0.0,1.9938688856418334,0.0,12384.0,0.0,1205068.0,579124.0,0.0,0.0,0.0,149644.0,0,71255.9
2021-03-21,0.0,1.9407503852369041,0.0,394.0924507145875,2.5875180769640305,0.0,0.0,0.0,1.9928390898813804,0.0,13261.0,0.0,1264560.0,562481.0,0.0,0.0,0.0,168804.0,0,79705.8
2021-03-22,0.0,1.9799057181928694,0.0,369.67698898837375,2.603508026993479,0.0,0.0,0.0,1.9921895303996686,0.0,17288.0,0.0,975737.0,599563.0,0.0,0.0,0.0,201584.0,0,74663.8
2021-03-23,0.0,1.9698194093558787,0.0,354.9298052984104,2.601225541701636,0.0,0.0,0.0,1.9922737774857167,0.0,16171.0,0.0,1034939.0,597927.0,0.0,0.0,0.0,227086.0,0,65980.55
2021-03-24,0.0,1.9559542917095891,0.0,365.90628611239526,2.5877143504568485,0.0,0.0,0.0,1.9902395192080278,0.0,17696.0,0.0,1416033.0,592544.0,0.0,0.0,0.0,91811.0,0,71049.25
2021-03-25,0.0,1.9564267498993217,0.0,378.2228295561394,2.577010596822455,0.0,0.0,0.0,1.9888222191581968,0.0,15545.0,0.0,1423290.0,582957.0,0.0,0.0,0.0,147294.0,0,71211.3
2021-03-26,0.0,1.9312323234260078,0.0,384.6659268509686,2.565129205075179,0.0,0.0,0.0,1.9886140686410003,0.0,14649.0,0.0,1365803.0,765655.0,0.0,0.0,0.0,102952.0,0,63781.75
2021-03-27,0.0,1.8964013584163537,0.0,388.7583951461348,2.5486746373458056,0.0,0.0,0.0,1.9548959299776643,0.0,11014.0,0.0,1557658.0,559271.0,0.0,0.0,0.0,34772.0,0,60184.1
2021-03-28,0.0,1.8768160272114025,0.0,388.9806445825483,2.5551906874786248,0.0,0.0,0.0,1.9198511374074654,0.0,11982.0,0.0,1567260.0,609363.0,0.0,0.0,0.0,49756.0,0,68602.6
2021-03-29,0.0,1.905161509735824,0.0,397.22758907594476,2.5562247905096123,0.0,0.0,0.0,1.890719781525367,0.0,14213.0,0.0,1262742.0,581630.0,0.0,0.0,0.0,51303.0,0,59790.45
2021-03-30,0.0,1.914131884446728,0.0,382.653258296139,2.5565412899360593,0.0,0.0,0.0,1.8702331791691569,0.0,14081.0,0.0,1117592.0,587268.0,0.0,0.0,0.0,43084.0,0,58278.75
2021-03-31,0.0,1.8674420711609987,0.0,428.1188113340096,2.5635388866058806,0.0,0.0,0.0,1.859217831304167,0.0,14754.0,0.0,1753083.0,570687.0,0.0,0.0,0.0,36543.0,0,56012.1
2021-04-01,0.0,1.8985769298942305,0.0,422.4348179186872,2.5595218235236463,0.0,0.0,0.0,1.8575705294197704,0.0,15797.0,0.0,1245638.0,587411.0,0.0,0.0,0.0,47578.0,0,60813.85
2021-04-02,0.0,1.8760936255906961,0.0,408.38759936350533,2.546506905092463,0.0,0.0,0.0,1.860124264452434,0.0,12508.0,0.0,1475193.0,605806.0,0.0,0.0,0.0,54008.0,0,58087.4
2021-04-03,0.0,1.8256301486280746,0.0,388.20221655111914,2.5353251541028383,0.0,0.0,0.0,1.8619842783213438,0.0,13664.0,0.0,1401627.0,568761.0,0.0,0.0,0.0,56901.0,0,50382.75
2021-04-04,0.0,1.8288088714505126,0.0,370.68547009432,2.5383623459325992,0.0,0.0,0.0,1.8631315779700726,0.0,13975.0,0.0,1540153.0,624202.0,0.0,0.0,0.0,55632.0,0,54450.55
2021-04-05,0.0,1.8920290228628198,0.0,357.8901767625039,2.565382630289551,0.0,0.0,0.0,1.8644593032134946,0.0,16391.0,0.0,1411306.0,676449.0,0.0,0.0,0.0,56020.0,0,58600.55
2021-04-06,0.0,1.8960884752748612,0.0,352.7253753010255,2.57077556062937,0.0,0.0,0.0,1.8646520974178356,0.0,14830.0,0.0,1454573.0,681211.0,0.0,0.0,0.0,58227.0,0,58515.45
2021-04-07,0.0,1.9058438832519708,0.0,335.86928693362194,2.5648362081903153,0.0,0.0,0.0,1.8644376297650198,0.0,15506.0,0.0,875424.0,662237.0,0.0,0.0,0.0,53849.0,0,65131.55
2021-04-08,0.0,1.9255487027673714,0.0,315.16802499924444,2.557386439631087,0.0,0.0,0.0,1.9892637650241338,0.0,15550.0,0.0,745326.0,623562.0,0.0,0.0,0.0,265836.0,0,59689.45
2021-04-09,0.0,1.8799469846398151,0.0,302.11456806110385,2.557152488723698,0.0,0.0,0.0,2.0609361933725907,0.0,13739.0,0.0,905925.0,842811.0,0.0,0.0,0.0,293001.0,0,52211.4
2021-04-10,0.0,1.8982240817561016,0.0,291.87302043165744,2.569465879558189,0.0,0.0,0.0,2.10167550704384,0.0,11972.0,0.0,827214.0,868868.0,0.0,0.0,0.0,263150.0,0,49570.3
2021-04-11,0.0,1.884284722871128,0.0,298.12080109193073,2.593184850119424,0.0,0.0,0.0,2.123122077840068,0.0,12932.0,0.0,1134701.0,983170.0,0.0,0.0,0.0,341973.0,0,63403.05
2021-04-12,0.0,1.9080388068159335,0.0,293.25922980057004,2.587095376862865,0.0,0.0,0.0,2.132710366884298,0.0,17946.0,0.0,822167.0,734847.0,0.0,0.0,0.0,375084.0,0,55603.45
2021-04-13,0.0,1.9313609770712845,0.0,286.18977034835814,2.5781365581672206,0.0,0.0,0.0,2.1357409442285085,0.0,16537.0,0.0,648687.0,756054.0,0.0,0.0,0.0,343500.0,0,54653.85
2021-04-14,0.0,1.9514433848245176,0.0,287.220022534001,2.5882559025962966,0.0,0.0,0.0,2.134817873718203,0.0,16256.0,0.0,847297.0,821125.0,0.0,0.0,0.0,359803.0,0,60878.6
2021-04-15,0.0,1.951309769943055,0.0,292.63559242603054,2.5801567400248557,0.0,0.0,0.0,2.114567664868769,0.0,17243.0,0.0,792839.0,718932.0,0.0,0.0,0.0,162911.0,0,60335.4
2021-04-16,0.0,1.9262052050231493,0.0,288.56911280318576,2.559700406998383,0.0,0.0,0.0,2.0823128024746196,0.0,16409.0,0.0,727329.0,676861.0,0.0,0.0,0.0,97863.0,0,55421.9
2021-04-17,0.0,1.9059389554190391,0.0,298.8649274145081,2.5540039542971726,0.0,0.0,0.0,2.0533398754828496,0.0,13601.0,0.0,1011210.0,676859.0,0.0,0.0,0.0,99963.0,0,50377.35
2021-04-18,0.0,1.9600903178041418,0.0,304.07339917226915,2.5779201666065847,0.0,0.0,0.0,2.033122241813187,0.0,14128.0,0.0,928697.0,783918.0,0.0,0.0,0.0,102003.0,0,62989.0
2021-04-19,0.0,1.9851819643673196,208.86942615918386,311.2584617444384,2.585620291364308,0.0,0.0,0.0,2.0219099608869584,0.0,17723.0,1930441.0,933860.0,735816.0,0.0,0.0,0.0,93967.0,0,58672.8
2021-04-20,0.0,1.9882817516821876,334.4288663041888,293.00390393802945,2.570852248615985,0.0,0.0,0.0,1.988529824081491,0.0,18636.0,2974072.0,199780.0,708842.0,0.0,0.0,0.0,50525.0,0,51372.6
2021-04-21,0.0,1.9874766363530365,344.70615963254187,230.34951202529658,2.5680755650281304,0.0,0.0,0.0,1.9049849831710326,0.0,13040.0,2343997.0,0.0,721719.0,0.0,0.0,0.0,0.0,0,51453.85
2021-04-22,0.0,2.051506859744857,336.62783075522384,174.0681255700593,2.5666106098267614,0.0,0.0,0.0,1.79843451056449,0.0,25727.0,1986383.0,44700.0,668922.0,0.0,0.0,0.0,0.0,0,49203.4
2021-04-23,0.0,1.9715223659834242,325.81837042395017,154.12618911456124,2.544601650881487,0.0,0.0,0.0,1.7632052332824542,0.0,19883.0,3776178.0,180656.0,639360.0,0.0,0.0,0.0,31937.0,0,51118.85
2021-04-24,0.0,1.9689532280556494,274.20427677743083,156.82083832682608,2.533108731773251,0.0,0.0,0.0,1.9484616581661753,0.0,19008.0,3024508.0,203453.0,636240.0,0.0,0.0,0.0,86148.0,0,40601.85
2021-04-25,0.0,1.989286226943292,274.3892978117232,165.39817676784463,2.5523998119118887,0.0,0.0,0.0,2.000551720109562,0.0,17110.0,3637589.0,211017.0,716651.0,0.0,0.0,0.0,66577.0,0,52364.5
2021-04-26,0.0,2.0921007357137675,323.85042189033834,171.3207140065074,2.566379109319066,0.0,0.0,0.0,2.024627395185178,0.0,26448.0,3464595.0,202126.0,682200.0,0.0,0.0,0.0,70641.0,0,46711.8
2021-04-27,0.0,2.09209363140429,284.7318433049121,185.31693117489039,2.558229168808546,0.0,0.0,0.0,2.029112039547574,0.0,23675.0,2645106.0,338483.0,659904.0,0.0,0.0,0.0,70278.0,0,49057.87
2021-04-28,0.0,2.0899357406085284,363.44718081257525,188.7701596191159,2.556104502994511,0.0,0.0,0.0,2.0219655759063717,0.0,25178.0,4472681.0,274814.0,685711.0,0.0,0.0,0.0,57814.0,0,49322.1
2021-04-29,0.0,2.031002465698956,351.5090607062468,186.03914123293416,2.5403817241343343,0.0,0.0,0.0,2.006178748051787,0.0,22581.0,4518584.0,310217.0,643401.0,0.0,0.0,0.0,58590.0,0,44750.35
2021-04-30,0.0,1.9490401820434355,284.407361146803,180.4375529760112,2.51516650661835,0.0,0.0,0.0,1.9722331211226187,0.0,19528.0,3345679.0,246870.0,575469.0,0.0,0.0,0.0,42357.0,0,41197.8
2021-05-01,0.0,1.8662938147830004,234.49798938131394,178.58738911707707,2.5039746960649474,0.0,0.0,0.0,1.978804287518188,0.0,13930.0,2568080.0,265770.0,564703.0,0.0,0.0,0.0,66662.0,0,39027.7
2021-05-02,0.0,1.9059266285838834,229.59408779378444,186.51718181685723,2.5243249246697004,0.0,0.0,0.0,1.9827903071354882,0.0,16286.0,2763750.0,332919.0,620584.0,0.0,0.0,0.0,58602.0,0,49077.15
2021-05-03,0.0,1.9303601167111306,242.40261208275322,195.57655907498454,2.5405549053459753,0.0,0.0,0.0,1.9885177880454004,0.0,19446.0,2858215.0,379686.0,651963.0,0.0,0.0,0.0,60547.0,0,44056.35
2021-05-04,0.0,1.9450080676359927,236.02820762847318,201.15853810969227,2.5357601949327355,0.0,0.0,0.0,1.9914813300421765,0.0,18482.0,2247118.0,386411.0,620242.0,0.0,0.0,0.0,54343.0,0,45946.95
2021-05-05,0.0,1.9491799040019535,238.04514067820682,216.90459676676002,2.5299702414825282,0.0,0.0,0.0,1.9921819452744907,0.0,18410.0,2373966.0,549961.0,645523.0,0.0,0.0,0.0,50113.0,0,45194.45
2021-05-06,0.0,1.9578491797301025,179.9761838780071,231.00241597330825,2.5172659685215057,0.0,0.0,0.0,1.992324192969068,0.0,18054.0,1221103.0,534716.0,563743.0,0.0,0.0,0.0,42973.0,0,36370.45
2021-05-07,0.0,1.9528674727386128,208.92210275803453,268.68163010967777,2.4970423912437414,0.0,0.0,0.0,1.9968713409194498,0.0,16773.0,1042828.0,1012445.0,583452.0,0.0,0.0,0.0,66992.0,0,38695.45
2021-05-08,0.0,1.8610659527098252,236.56097463579863,298.8390793516365,2.485110071987028,0.0,0.0,0.0,2.001400290228906,0.0,13431.0,1197620.0,1036047.0,535648.0,0.0,0.0,0.0,56470.0,0,36347.35
2021-05-09,0.0,1.9122906916360398,237.6225242994374,321.4332260784108,2.498039392606648,0.0,0.0,0.0,2.0261205159119426,0.0,13892.0,1205961.0,1218530.0,571355.0,0.0,0.0,0.0,96538.0,0,39417.45
2021-05-10,0.0,1.9966699393578182,239.5472046579884,315.954590770128,2.5292026654628,0.0,0.0,0.0,2.05796257156293,0.0,18366.0,1411411.0,803034.0,605343.0,0.0,0.0,0.0,122323.0,0,47868.5
2021-05-11,0.0,1.9669111333512619,233.21512983159636,309.5301306100152,2.5613160948765374,0.0,0.0,0.0,2.102322834639526,0.0,19105.0,1456157.0,862794.0,555858.0,0.0,0.0,0.0,175087.0,0,47464.85
2021-05-12,0.0,1.9701538657993947,222.55385986820818,304.0345912144324,2.5711898173037504,0.0,0.0,0.0,2.247232031139197,0.0,19949.0,1202696.0,671954.0,586907.0,0.0,0.0,0.0,473693.0,0,45096.35
2021-05-13,0.0,1.9630478366304702,202.34103576477514,300.0498226225203,2.5750490477156975,0.0,0.0,0.0,2.285002890194684,0.0,20445.0,1020566.0,570832.0,536017.0,0.0,0.0,0.0,277559.0,0,41133.8
2021-05-14,0.0,1.9392441637862505,192.0734920071167,297.16369397510533,2.5464009785743538,0.0,0.0,0.0,2.2910119101966275,0.0,20521.0,897958.0,618962.0,467544.0,0.0,0.0,0.0,143655.0,0,36862.3
2021-05-15,0.0,1.939151096045078,186.15542965591195,295.850738557789,2.5332536906956764,0.0,0.0,0.0,2.2858007497592285,0.0,16955.0,858432.0,750218.0,444806.0,0.0,0.0,0.0,155648.0,0,39265.95
2021-05-16,0.0,1.933897568573241,205.99297214409881,296.02602691505575,2.5594345156797664,0.0,0.0,0.0,2.282184200074307,0.0,16417.0,1176218.0,859022.0,494421.0,0.0,0.0,0.0,513737.0,0,43441.1
2021-05-17,0.0,2.146685160294453,214.57924632233846,304.00590391213365,2.5774203361938093,0.0,0.0,0.0,2.2802861415995057,0.0,32752.0,1058435.0,998394.0,539506.0,0.0,0.0,0.0,201304.0,0,44216.7
2021-05-18,0.0,2.1507294031396746,222.65552513020629,302.3773547724365,2.576156521707806,0.0,0.0,0.0,2.3259770362343297,0.0,28988.0,949696.0,763931.0,515262.0,0.0,0.0,0.0,450248.0,0,42994.0
2021-05-19,0.0,2.1523717180607997,218.56674040242697,289.767368177703,2.5638706565364524,0.0,0.0,0.0,2.374909072711519,0.0,26523.0,859248.0,553054.0,547581.0,0.0,0.0,0.0,927361.0,0,39929.0
2021-05-20,0.0,2.138445578443909,214.19594245561382,277.12300092081523,2.545959402333544,0.0,0.0,0.0,2.4174403821972708,0.0,26536.0,808510.0,536878.0,505540.0,0.0,0.0,0.0,678127.0,0,37504.1
2021-05-21,0.0,2.136912847738568,235.04432418309173,278.1621519768674,2.5145814068112284,0.0,0.0,0.0,2.44327922569657,0.0,25992.0,1098138.0,681824.0,415451.0,0.0,0.0,0.0,596981.0,0,36195.65
2021-05-22,0.0,2.090024879327563,245.94901396530446,285.86320067822567,2.4853392630112205,0.0,0.0,0.0,2.4902377819072834,0.0,20262.0,1622896.0,693635.0,378475.0,0.0,0.0,0.0,1168050.0,0,35422.95
2021-05-23,0.0,2.0699875653257642,230.91949649813472,294.8442863487867,2.4999840794588617,0.0,0.0,0.0,2.510266234737254,0.0,18732.0,1943236.0,725146.0,402421.0,0.0,0.0,0.0,1647329.0,0,39085.85
2021-05-24,0.0,2.0789815326601757,128.9629710750055,279.7475891863713,2.508982738396849,0.0,0.0,0.0,2.524263136340612,0.0,21514.0,489819.0,424455.0,421119.0,0.0,0.0,0.0,1691467.0,0,41287.9
2021-05-25,0.0,2.0427140951570437,92.72586917887344,245.46325182599494,2.5045548225973504,0.0,0.0,0.0,2.5207099773268853,0.0,14787.0,617755.0,271815.0,401333.0,0.0,0.0,0.0,1001140.0,0,38314.55
2021-05-26,0.0,1.9899417687096903,151.6846738675825,213.65015735978707,2.497927516429776,0.0,0.0,0.0,2.5139056983014703,0.0,11592.0,782048.0,263760.0,398174.0,0.0,0.0,0.0,740865.0,0,37444.05
2021-05-27,0.0,1.9780843724851103,121.96647017706864,189.98464085189843,2.4902226030240677,0.0,0.0,0.0,2.5108248882227753,0.0,13132.0,376628.0,239810.0,351735.0,0.0,0.0,0.0,591951.0,0,37552.75
2021-05-28,0.0,1.9627462712548112,147.06835670061514,175.87170488781805,2.475311128349191,0.0,0.0,0.0,2.511536586024036,0.0,14125.0,626973.0,230325.0,308129.0,0.0,0.0,0.0,827890.0,0,33811.45
2021-05-29,0.0,1.897199098215406,131.1948788481784,168.79178171941138,2.459825727979468,0.0,0.0,0.0,2.5083694300088752,0.0,10882.0,435826.0,227204.0,292823.0,0.0,0.0,0.0,1130842.0,0,33205.85
2021-05-30,0.0,1.8700904954469288,132.2273810060367,166.11641610987397,2.449266014210256,0.0,0.0,0.0,2.50338199873997,0.0,12187.0,429623.0,257390.0,295763.0,0.0,0.0,0.0,667491.0,0,32878.2
2021-05-31,0.0,1.9155270060049876,116.4006491297176,165.69695721921832,2.4582766126149522,0.0,0.0,0.0,2.4955702074313453,0.0,13561.0,380368.0,260846.0,321164.0,0.0,0.0,0.0,593855.0,1,37998.35
2021-06-01,0.0,1.9638303795458694,104.45864156271604,187.70821253252862,2.4896033176770724,0.0,0.0,0.0,2.4880512814112024,0.0,16743.0,400597.0,450510.0,348580.0,107.0,0.0,0.0,627299.0,0,41319.1
2021-06-02,0.0,1.948180163387277,85.08705871367961,206.47746516654618,2.4939720672141905,0.0,0.0,96.62986622361728,2.482975421593378,0.0,16617.0,252459.0,403431.0,358404.0,91.0,0.0,534119.0,729695.0,0,41093.2
2021-06-03,0.0,1.9466947108460146,78.45579341881866,219.7686514509605,2.4835402675615303,0.0,0.0,78.45799245679564,2.48562302134597,0.0,16892.0,260222.0,434750.0,318253.0,116.0,0.0,379742.0,1032064.0,0,42150.35
2021-06-04,0.0,1.9247575796957126,76.80686796828351,227.38878665229862,2.453051535289103,0.0,0.0,118.38133268832327,2.4915982429559715,0.0,14780.0,215335.0,436867.0,284051.0,118.0,0.0,677638.0,1052189.0,0,38455.3
2021-06-05,0.0,1.9438082928771943,84.79455956591818,231.87228258669273,2.444494869198592,0.0,0.0,124.87751363079,2.495044258058009,0.0,10475.0,228695.0,498928.0,272516.0,84.0,0.0,682865.0,695490.0,0,37651.4
2021-06-06,0.0,1.9153596333843304,107.85249278552656,233.63190929601694,2.453704427625474,0.0,0.0,117.74499119292591,2.4959918264600542,0.0,11170.0,370878.0,546145.0,291056.0,59.0,0.0,601732.0,926140.0,0,38257.49
2021-06-07,0.0,2.002660684105666,124.50407112870566,232.43157659909764,2.469885274827883,0.0,0.0,105.1678744439459,2.4988428739909323,0.0,12652.0,453683.0,500252.0,323770.0,86.0,0.0,537677.0,822020.0,0,41385.45
2021-06-08,0.0,1.9568024657011875,101.74797197155893,229.24598101193646,2.478868846576054,0.0,0.0,104.69390753708652,2.498810441797029,0.0,12581.0,222392.0,450584.0,328785.0,83.0,0.0,602790.0,483081.0,0,40184.55
2021-06-09,0.0,2.0016915234947374,96.38566017210742,226.20592377425342,2.487267262296747,0.0,0.0,115.70374324553917,2.4593381595238313,0.0,12640.0,231540.0,432063.0,334114.0,95.0,0.0,531227.0,302577.0,0,38445.05
2021-06-10,0.0,1.959871586427827,97.25274711604499,224.50271624127245,2.4846732648310375,0.0,0.0,115.4471589503482,2.355862785327204,0.0,10951.0,207982.0,445925.0,288650.0,90.0,0.0,430320.0,0.0,0,39147.12
2021-06-11,0.0,1.9334357472405475,85.49108425755084,224.46231958603315,2.457931605967053,0.0,0.0,120.85806986412706,2.222366661542749,0.0,9423.0,194648.0,333995.0,253374.0,96.0,0.0,513443.0,0.0,0,37271.85
2021-06-12,0.0,1.8771005809125432,79.39925065428747,224.75664498877578,2.428856804295015,0.0,0.0,119.59381413148385,2.059066424296463,0.0,7165.0,163428.0,304225.0,177345.0,83.0,0.0,582656.0,0.0,0,34338.95
2021-06-13,0.0,1.8862304773991307,76.53945971622923,225.5862008659981,2.463687764720773,0.0,0.0,134.77798940191695,1.862292544467608,0.0,9017.0,174211.0,363982.0,285541.0,106.0,0.0,723081.0,0.0,0,34302.9
2021-06-14,0.0,1.929011692410435,77.42126472592795,224.3605152165015,2.4940617847720916,0.0,0.0,120.9977290314922,1.6037064792631412,0.0,13203.0,169072.0,434634.0,290182.0,98.0,0.0,552923.0,0.0,0,34621.4
2021-06-15,0.0,1.9436558708405636,81.41233136072063,225.4520781289597,2.484826496208863,0.0,0.0,122.78503137837731,0.0,0.0,13104.0,170276.0,433258.0,294689.0,95.0,0.0,560618.0,0.0,0,34403.5
2021-06-16,0.0,1.8920193672224397,82.97094586249355,225.8109310258974,2.471272101296183,0.0,0.0,105.88627076896385,0.0,0.0,12581.0,170826.0,415513.0,328791.0,127.0,0.0,503130.0,0.0,0,31813.55
2021-06-17,0.0,1.9129460417123043,87.87984878402544,225.74422423945353,2.4629851610162254,0.0,0.0,125.08422430079494,0.0,0.0,12452.0,157795.0,453951.0,542811.0,96.0,0.0,583226.0,0.0,0,34727.5
2021-06-18,0.0,1.9048544659825792,82.18955711250528,211.99467978883092,2.399199905343256,0.0,0.0,143.88643332360851,0.0,0.0,10450.0,147338.0,269367.0,171702.0,115.0,0.0,581080.0,0.0,0,20530.2
2021-06-19,0.0,1.9154387523415923,71.76857928094942,166.28849482150815,2.3572444436381375,0.0,0.0,34.51582730484911,0.0,0.0,8636.0,112099.0,0.0,217485.0,102.0,0.0,0.0,0.0,1,21109.2
2021-06-20,0.0,2.0017567120027526,64.48321669847871,119.49967880576456,2.3549422346881417,0.0,0.0,0.0,0.0,0.0,9251.0,100511.0,0.0,66175.0,94.0,0.0,0.0,0.0,0,20649.75
2021-06-21,0.0,2.0757354733608477,123.39760123565553,77.97669655815403,2.4122092119641714,0.0,0.0,0.0,0.0,0.0,13251.0,372892.0,0.0,200440.0,237.0,0.0,0.0,0.0,0,22466.75
2021-06-22,0.0,2.059521249912259,116.11782981932346,45.88870051653538,2.423526824047172,0.0,0.0,0.0,0.0,0.0,13238.0,295063.0,0.0,105437.0,180.0,0.0,0.0,0.0,0,20889.3
2021-06-23,0.0,2.0067144104412242,121.09960974754154,24.230066030307757,2.437531954178024,0.0,0.0,0.0,0.0,0.0,11062.0,255587.0,0.0,162878.0,156.0,0.0,0.0,0.0,0,20100.75
2021-06-24,0.0,1.960714845326906,119.11871123962474,11.434406355862501,2.476559996406147,0.0,0.0,0.0,0.0,0.0,11899.0,207139.0,0.0,216095.0,166.0,0.0,0.0,0.0,0,21838.15
2021-06-25,0.0,1.9624965075867464,107.2387063937116,4.808216588979011,2.523511627432485,0.0,0.0,14.295209950052916,0.0,0.0,11376.0,215072.0,0.0,473628.0,141.0,0.0,31629.0,0.0,0,20360.3
2021-06-26,0.0,1.9284845268098292,102.02002287457863,1.797478318801887,2.5275243658563245,0.0,0.0,3.5907943909118667,0.0,0.0,10299.0,237265.0,0.0,375494.0,126.0,0.0,0.0,0.0,0,19911.05
2021-06-27,0.0,1.9409734721707705,108.48563834620668,0.5963108748759205,2.5326638338453225,0.0,0.0,0.0,0.0,0.0,12288.0,275681.0,0.0,302034.0,102.0,0.0,0.0,0.0,0,25332.55
2021-06-28,0.0,1.9623773113868346,112.48096603911671,0.17530720541012434,2.525923824999509,0.0,0.0,0.0,0.0,0.0,16125.0,193637.0,0.0,233002.0,99.0,0.0,0.0,0.0,0,22327.25
2021-06-29,0.0,1.9677048538630915,84.29392795192027,0.04562072308482966,2.4968604015235822,0.0,0.0,0.0,0.0,0.0,16032.0,167384.0,0.0,178933.0,133.0,0.0,0.0,0.0,0,21508.9
2021-06-30,0.0,2.021968835481289,105.47254321304334,103.52069905797933,2.482784628905015,0.0,0.0,224.64906884532593,0.0,0.0,14930.0,319579.0,397184.0,155925.0,135.0,0.0,2744744.0,0.0,0,23755.6
2021-07-01,0.0,1.966378794750522,135.8097045527378,220.76905036378952,2.48289728856013,0.0,0.0,222.72004566521028,0.0,0.0,14413.0,404217.0,959602.0,133857.0,129.0,0.0,1574895.0,0.0,0,22556.7
2021-07-02,0.0,1.9054466942354302,171.48777880904177,293.3306036968173,2.4680384281206047,0.0,0.0,204.840481130968,0.0,0.0,9723.0,563122.0,917291.0,122520.0,137.0,0.0,1082371.0,0.0,0,23109.81
2021-07-03,0.0,1.9026525339299416,159.98385453118877,336.6645340902028,2.4397740556495835,0.0,0.0,193.99753042393323,0.0,0.0,7758.0,476653.0,896613.0,103663.0,96.0,0.0,1220143.0,0.0,0,18233.4
2021-07-04,0.0,1.8928411408888266,137.58175148633177,360.69024497156363,2.420027233504351,0.0,0.0,199.0009604279155,0.0,0.0,7092.0,393697.0,1001041.0,87288.0,77.0,0.0,1649059.0,0.0,1,17294.75
2021-07-05,0.0,1.975374158077337,159.18491260354304,371.81767858352964,2.453896920434825,0.0,0.0,132.70897811534044,0.0,0.0,9847.0,551151.0,1108928.0,107805.0,156.0,0.0,551825.0,0.0,1,25856.41
2021-07-06,0.0,2.012074812865422,161.67586051252852,375.33117591308053,2.4807626330638017,0.0,0.0,121.86720696988696,0.0,0.0,11194.0,568354.0,1040807.0,115654.0,141.0,0.0,922835.0,0.0,0,23105.7
2021-07-07,0.0,1.9956200850400483,164.86711089165075,379.760764016273,2.481368914658071,0.0,0.0,139.7539693349778,0.0,0.0,11855.0,496977.0,963897.0,112037.0,140.0,0.0,1304059.0,0.0,0,25682.6
2021-07-08,0.0,2.017657257165884,153.9027930058594,383.11580759118556,2.472785447837363,0.0,0.0,131.28016085946155,0.0,0.0,12446.0,403864.0,934717.0,101852.0,133.0,0.0,940700.0,0.0,0,27129.6
2021-07-09,0.0,1.9927012551466192,155.17537331768744,373.7484766131467,2.4523628239263937,0.0,0.0,131.81989511398322,0.0,0.0,10994.0,387232.0,882797.0,109326.0,119.0,0.0,1006292.0,0.0,0,21139.3
2021-07-10,0.0,1.9281079248800206,185.80237757322465,378.7459967818304,2.458649641944295,0.0,0.0,136.4444335922658,0.0,0.0,9297.0,442261.0,826942.0,105221.0,114.0,0.0,885857.0,0.0,0,21620.03
2021-07-11,0.0,1.9773081473171183,188.76442253204382,382.13931096544815,2.476337552883854,0.0,0.0,133.28245781799956,0.0,0.0,9924.0,447759.0,697512.0,103703.0,82.0,0.0,998009.0,0.0,0,23924.75
2021-07-12,0.0,2.0233834548467104,187.41798642534863,384.86517712161486,2.5241845298991334,0.0,0.0,128.55082477013264,0.0,0.0,13119.0,508030.0,686302.0,360275.0,135.0,0.0,833402.0,0.0,0,24573.95
2021-07-13,0.0,2.007477513721287,185.1447018869702,389.72079738161443,2.64808352466657,0.0,0.0,120.42830352076967,0.0,0.0,11295.0,470167.0,710599.0,1012460.0,128.0,0.0,951440.0,0.0,0,28768.3
2021-07-14,0.0,2.015208745541031,184.7922470447257,397.06334967297346,2.713084759570894,0.0,0.0,115.67111434107645,0.0,0.0,11591.0,481878.0,703039.0,1284554.0,84.0,0.0,658793.0,0.0,0,27319.95
2021-07-15,0.0,1.99276583646264,165.07189619601309,403.97673905330237,2.642155920149765,0.0,0.0,116.0633299817747,0.0,0.0,11862.0,396906.0,878568.0,801525.0,143.0,0.0,541478.0,0.0,0,31534.1
2021-07-16,0.0,2.005132613204208,177.45312748654445,409.04536338047325,2.5717773167522155,0.0,0.0,120.17266773892887,0.0,0.0,10900.0,482567.0,882524.0,787729.0,95.0,0.0,593033.0,0.0,0,32113.55
2021-07-17,0.0,1.955537764145349,182.16896150078358,411.8005386929584,2.5715508082140097,0.0,0.0,117.29582467820553,0.0,0.0,9117.0,536005.0,861132.0,795530.0,67.0,0.0,779150.0,0.0,0,31443.75
2021-07-18,0.0,1.9916875053259977,190.06599382168866,412.7981207660246,2.6040142518734024,0.0,0.0,118.18308318720898,0.0,0.0,9551.0,576613.0,869309.0,609144.0,58.0,0.0,647297.0,0.0,0,34678.35
2021-07-19,0.0,2.0211385129302863,189.8889412986577,400.6049007161756,2.5989999418230334,0.0,0.0,109.06814899295019,0.0,0.0,13512.0,592120.0,733542.0,426566.0,115.0,0.0,480500.0,0.0,0,30305.35
2021-07-20,0.0,2.01184662554396,185.9125146962322,390.91335933897005,2.5703120219448214,0.0,0.0,95.44211812607865,0.0,0.0,13729.0,527679.0,779972.0,331494.0,111.0,0.0,379238.0,0.0,0,32751.15
2021-07-21,0.0,2.0262257547192335,171.96942019452848,376.1809244013274,2.5730797658579356,0.0,0.0,90.93406082670985,0.0,0.0,14013.0,451261.0,698009.0,607822.0,74.0,0.0,367452.0,0.0,0,32427.15
2021-07-22,0.0,1.9630608565438985,144.12409885767897,358.66022310584253,2.597050474700028,0.0,0.0,93.03036648654228,0.0,0.0,13522.0,346599.0,571171.0,643109.0,69.0,0.0,364699.0,0.0,0,33959.7
2021-07-23,0.0,2.0331700496439233,96.38851429068785,304.4556663711001,2.635316318688405,0.0,0.0,99.63007312226722,0.0,0.0,15465.0,141781.0,312034.0,791727.0,75.0,0.0,411439.0,0.0,0,32595.55
2021-07-24,0.0,2.214415689505182,90.75689806400581,252.27594238662886,2.6232805950174822,0.0,0.0,111.95458246788507,0.0,0.0,20269.0,138164.0,289180.0,455795.0,50.0,0.0,500116.0,0.0,0,30951.45
2021-07-25,0.0,2.248001765430714,89.5114336811486,212.71443421289564,2.5675873770537487,0.0,0.0,107.57407557498976,0.0,0.0,20151.0,139601.0,286747.0,33069.0,46.0,0.0,466467.0,0.0,0,32264.9
2021-07-26,0.0,2.3498886624944597,87.93284836520228,187.00041876274463,2.618211626700847,0.0,0.0,102.64076934458932,0.0,0.0,30183.0,139404.0,262875.0,462125.0,90.0,0.0,434216.0,0.0,0,33872.8
2021-07-27,0.0,2.3684271618714954,86.1238106604217,194.68403189260698,2.645292983982211,0.0,0.0,101.34208207656269,0.0,0.0,23769.0,133172.0,293876.0,637662.0,91.0,0.0,414893.0,0.0,0,32615.75
2021-07-28,0.0,2.319521063421375,83.79184745113133,235.60352956373558,2.6265471249967365,0.0,0.0,101.67994432048887,0.0,0.0,23085.0,125017.0,423838.0,572211.0,87.0,0.0,368847.0,0.0,0,30370.3
2021-07-29,0.0,2.2999886315975715,72.35988580696747,241.346232363097,2.597133575965346,0.0,0.0,122.15855946198576,0.0,461.0,23272.0,93835.0,240248.0,436610.0,147.0,0.0,602867.0,0.0,0,31266.55
2021-07-30,0.0,2.334540682353315,75.82938424145496,234.09455184210174,2.5687165813408877,0.0,0.0,159.2853236248771,0.0,20.0,22001.0,94628.0,301244.0,393424.0,110.0,0.0,1079635.0,0.0,0,31610.85
2021-07-31,0.0,2.302710041105438,80.52276378669914,226.95775141010228,2.5595236698408295,0.0,0.0,157.89956743428232,0.0,26.0,20590.0,97076.0,359984.0,401112.0,49.0,0.0,1178612.0,0.0,0,28487.41
2021-08-01,0.0,2.282346621442172,65.25508610763607,233.1515452582287,2.5702455791774277,0.0,0.0,158.22392370474935,0.0,21.0,21681.0,78910.0,546021.0,446091.0,37.0,0.0,1287069.0,0.0,0,37916.8
2021-08-02,11.950977656697006,2.2651573379534575,150.1412439928004,216.9170909504498,2.588804790450416,68.24456869239624,0.0,173.4133137342779,0.0,12410.0,28140.0,270580.0,258074.0,481285.0,170773.0,0.0,952300.0,0.0,0,34913.47
2021-08-03,19.300422899588398,2.2635968703870923,156.8942653745661,205.4901886036176,2.5890116910376157,77.6907188198682,0.0,127.67664520859297,0.0,29462.0,30143.0,340031.0,278701.0,473595.0,170808.0,0.0,412669.0,0.0,0,35087.33
2021-08-04,35.045628218767455,2.2406269847447287,153.83640282270144,192.69415207489266,2.5868231995032116,78.1591893625273,0.0,120.62985041925023,0.0,56787.0,25305.0,400258.0,289005.0,530610.0,135718.0,0.0,454007.0,0.0,0,33989.88
2021-08-05,35.33473302402335,2.0958169348282323,143.5252098752466,188.05912531770682,2.5833490615991157,78.15223686783094,0.0,125.65916144353102,0.0,66014.0,19582.0,327298.0,307392.0,514986.0,156029.0,0.0,630586.0,0.0,0,33463.85
2021-08-06,19.66884838524389,2.0651693328040244,137.20264334823054,188.44385721012975,2.5748156968832268,78.15155054771114,0.0,194.8398648323154,0.0,22462.0,16314.0,307930.0,306996.0,502056.0,182898.0,0.0,1466940.0,0.0,0,31978.02
2021-08-07,5.260706193121475,2.0402976438111735,137.47920747684572,191.04090265514048,2.564121155000841,78.15178926820856,0.0,193.69646264298345,0.0,1720.0,11293.0,287353.0,302230.0,540627.0,152042.0,0.0,1464804.0,0.0,0,35401.92
2021-08-08,1.5096856575612339,2.033013502427304,144.67068975335377,191.7915098180448,2.5933812736224526,78.15152070761478,0.0,171.7713382210548,0.0,1508.0,12670.0,328317.0,299550.0,605187.0,125242.0,0.0,1307544.0,0.0,0,27434.68
2021-08-09,46.93938442196875,2.1026384466972092,153.4322167679954,196.474122274218,2.6135185000327614,78.1520876681467,629.3285915359739,169.9828000020441,0.0,136083.0,20012.0,419864.0,350359.0,684977.0,119512.0,524630.0,1481670.0,0.0,0,38017.07
2021-08-10,54.02026641096646,2.0189467618856383,151.31009266621032,205.38639496541532,2.611927906587355,78.15214734804317,158.0801950040248,190.36299139161355,0.0,125272.0,18457.0,441761.0,383909.0,648793.0,127261.0,621464.0,1462156.0,0.0,0,35534.74
2021-08-11,40.44260549443767,2.039649945513567,142.29744983374044,213.36600280728777,2.5983543260259334,78.15184894825694,0.0,194.17466581554447,0.0,76319.0,16359.0,390264.0,375711.0,609437.0,109550.0,597126.0,1253451.0,0.0,0,34283.6
2021-08-12,38.90894074116925,2.099784163652189,138.18923540831148,217.5087935757092,2.5945714503434476,78.15241590720137,0.0,127.30893456849064,0.0,88390.0,26968.0,402863.0,357429.0,591996.0,110371.0,594986.0,579791.0,0.0,0,33485.88
2021-08-13,37.97564631029834,2.050069622217939,139.63826589312018,220.47519175583005,2.590662967846909,78.15187878826976,0.0,89.43850217099757,0.0,91567.0,17966.0,470455.0,357101.0,600237.0,109471.0,599423.0,347863.0,0.0,0,30410.07
2021-08-14,35.31011957022735,2.0409189350618666,133.95965580567974,219.93435087285815,2.5907509271645055,78.15211750809874,0.0,117.01199107424047,0.0,64150.0,13861.0,407589.0,324362.0,665026.0,98299.0,570941.0,465746.0,0.0,0,30064.27
2021-08-15,40.50857101547076,2.0436059392437134,143.3310584583694,223.67065979679126,2.6112441591056688,78.15125214640575,0.0,115.75585693781967,0.0,88789.0,12615.0,485216.0,379171.0,735439.0,109172.0,571770.0,439302.0,0.0,0,35574.4
2021-08-16,57.1898598978082,2.17244416726369,151.7889768686707,222.4132882392581,2.621551813820388,78.1526546259366,649.5312574225259,146.24408988426353,0.0,184000.0,27021.0,481083.0,360716.0,730563.0,106382.0,593274.0,918963.0,0.0,0,35391.26
2021-08-17,54.18024750194304,2.1132944391142363,151.28659838101103,217.98161401516654,2.633793217380089,78.15190862827495,163.1548752360999,191.55471442755993,0.0,187305.0,18771.0,529348.0,328667.0,768484.0,110553.0,584821.0,1786703.0,0.0,0,33597.74
2021-08-18,54.69409589297306,2.130242588288392,131.9146516364949,218.16752693379345,2.6353460777402526,78.15181910823654,0.0,224.24086369574587,0.0,136989.0,19999.0,487709.0,457145.0,754542.0,100533.0,571482.0,1953287.0,0.0,0,31050.59
2021-08-19,58.417069695133044,2.1012556285374275,120.35132444008131,210.473662374731,2.627280850039293,78.6211589768457,0.0,258.285434486748,0.0,138333.0,21499.0,458794.0,334118.0,722063.0,108701.0,565183.0,2135865.0,0.0,0,28401.53
2021-08-20,57.14013602211215,2.0508036836680086,117.90888806523131,202.35682159893776,2.615593392315193,78.6668018307227,0.0,256.6928892593908,0.0,141059.0,19776.0,480491.0,319291.0,656080.0,111364.0,562029.0,2047233.0,0.0,0,27482.45
2021-08-21,54.36881583993399,2.0843972313387913,128.92490934475614,199.5319373731597,2.6078229784904146,78.66579169822148,0.0,232.8949565062879,0.0,104428.0,18063.0,503257.0,379880.0,633374.0,101284.0,545781.0,2206226.0,0.0,0,29167.09
2021-08-22,57.72024577746381,2.137584854320894,138.60607507871856,188.71547688104846,2.6276982843491687,78.6671880555703,0.0,217.61956967283774,0.0,134880.0,19583.0,560077.0,297859.0,684497.0,99443.0,532700.0,2187332.0,0.0,0,33720.84
2021-08-23,64.33699252556133,2.1440217274897058,143.40371903601715,171.38389611997297,2.6357138764843304,78.66733660325201,555.3303178460844,236.02391190721426,0.0,170966.0,23857.0,555979.0,208072.0,668298.0,99390.0,558933.0,2051134.0,0.0,0,33188.35
2021-08-24,70.08511264727841,2.084228502103404,139.30980982447554,165.3340800453735,2.6255675985631424,78.66793079210885,288.7768643929552,280.5319031242599,0.0,216246.0,22650.0,515937.0,279885.0,677259.0,116250.0,543893.0,2653857.0,0.0,0,29750.2
2021-08-25,79.07589263270927,2.1013346205734034,133.09013474638476,156.61720114169594,2.6229743784800497,78.66709892687153,58.69402365738673,311.7584495992323,0.0,242601.0,21543.0,570127.0,183671.0,703872.0,105521.0,546281.0,3085062.0,0.0,0,28984.71
2021-08-26,75.4788627012044,2.144347410473386,135.75781827719388,148.99785287493293,2.6111130354941268,78.66700979810543,0.0,215.27799833747918,0.0,247958.0,28920.0,554869.0,177353.0,680048.0,110963.0,513215.0,1282750.0,0.0,0,29736.74
2021-08-27,69.95622217375019,2.0313687281114827,133.13151971192724,146.89547388611174,2.5894849020978183,78.66671270173221,0.0,48.32431962288324,0.0,192749.0,20469.0,520511.0,200145.0,623388.0,110274.0,526754.0,0.0,0.0,0,25255.89
2021-08-28,46.82571781911262,1.9928901758268676,122.38669116394725,156.4127566269859,2.5763356625139973,78.66668299205374,0.0,0.0,0.0,88162.0,16193.0,426672.0,295455.0,636739.0,111008.0,472190.0,0.0,0.0,0,25440.57
2021-08-29,44.81583108637866,2.024024619763607,102.71975651765133,167.10378184113716,2.596010396269396,78.66698008850177,0.0,0.0,0.0,105164.0,15409.0,310568.0,582600.0,733230.0,109738.0,432378.0,0.0,0.0,0,31823.61
2021-08-30,42.02481989580078,2.024547534784975,119.25179473894812,150.0574973261527,2.6102368263021214,70.41776069522733,535.9704526228043,0.0,0.0,117269.0,20119.0,505578.0,87470.0,722080.0,128161.0,583764.0,0.0,0.0,0,30042.91
2021-08-31,42.87925654188402,1.9586857249681147,120.21974767245554,147.18730765026828,2.6092867792682366,69.5575192223129,297.13622510281596,0.0,0.0,128115.0,13251.0,471021.0,179628.0,773343.0,98836.0,589281.0,0.0,0.0,0,25599.64
2021-09-01,55.79343729867241,1.9614169452104022,119.60650814405689,158.32408175174822,2.608159800774135,69.5584867166167,61.932194744335305,0.0,0.0,140262.0,15590.0,477420.0,267762.0,728091.0,101626.0,567412.0,0.0,0.0,0,30597.45
2021-09-02,56.32422987517267,1.9697568964051133,118.42916147446034,174.68478416401638,2.592171193388235,69.55761597214699,0.0,0.0,0.0,134658.0,16974.0,471756.0,248397.0,738979.0,101389.0,530482.0,0.0,0.0,0,29021.2
2021-09-03,47.88080739682971,2.0031940988519126,117.53635780686277,183.49565779050837,2.5667115925664876,69.5575192223129,0.0,0.0,0.0,100016.0,16066.0,472438.0,207768.0,655828.0,98562.0,532892.0,0.0,0.0,0,25220.16
2021-09-04,43.89022153687613,1.9473659278154076,117.18231004066328,190.52084211521023,2.552870981826511,69.557841721411,0.0,0.0,0.0,87397.0,11961.0,478001.0,215853.0,700747.0,108257.0,481289.0,0.0,0.0,0,23835.57
2021-09-05,43.44557650315584,1.9753908315396773,118.2767643583277,187.77204445383768,2.574043183524362,69.55755147226756,0.0,0.0,0.0,87348.0,12066.0,502860.0,185577.0,736375.0,108496.0,475618.0,0.0,0.0,0,25641.69
2021-09-06,43.37126363958996,1.9793139911269064,118.1964061989307,170.6637286297922,2.5957981291278203,69.55687422112622,366.301470856847,0.0,0.0,88166.0,16905.0,496479.0,146125.0,779153.0,109466.0,471864.0,0.0,0.0,1,26954.15
2021-09-07,43.825761467575624,1.9639111362313233,102.61746179652178,150.41816357904526,2.6090963925677584,69.55745472237368,399.9389589296589,0.0,0.0,79595.0,17377.0,358432.0,121797.0,764263.0,106330.0,544651.0,0.0,0.0,0,26118.16
2021-09-08,21.10008338762909,1.9322291334033561,90.81400972079074,142.66091590405716,2.6090214196394412,67.19843046984123,95.15976291684825,0.0,0.0,19371.0,16727.0,255135.0,160317.0,737833.0,99546.0,549139.0,0.0,0.0,0,24633.92
2021-09-09,17.960862302219542,1.9678328888264007,87.39003537129632,128.24420573622402,2.5938436366783293,59.391654974312395,0.0,0.0,0.0,18707.0,17232.0,250925.0,141579.0,699222.0,88888.0,515701.0,0.0,0.0,0,26835.18
2021-09-10,16.802028871496063,1.9226472537066779,82.12681137634374,120.06476379822304,2.5600591528578334,65.5186333531809,0.0,0.0,0.0,20562.0,13980.0,226312.0,139544.0,562086.0,136762.0,497129.0,0.0,0.0,0,23061.6
2021-09-11,16.198500975026086,1.8623318818736037,86.21797582207616,116.22678307924393,2.5428950481097883,64.1021842625505,0.0,0.0,0.0,19966.0,9807.0,209365.0,142791.0,587672.0,118647.0,466415.0,0.0,0.0,0,22549.89
2021-09-12,15.740896812033142,1.8360671920298952,83.60715407518452,117.74901043795062,2.5804940748183616,66.76870667149146,0.0,0.0,0.0,37155.0,9928.0,233976.0,169413.0,656790.0,144469.0,384687.0,0.0,0.0,0,27532.1
2021-09-13,46.44822449561148,1.9209328782500836,147.1309158647404,115.12321033715641,2.5902431291462182,69.33352848274573,0.0,0.0,0.0,120797.0,17405.0,485652.0,106895.0,545417.0,155140.0,87436.0,0.0,0.0,0,28909.37
2021-09-14,50.088135797169095,1.9444388737459588,148.40562451262662,113.29406598361203,2.5708856707486016,69.23497230450246,0.0,0.0,0.0,115713.0,15918.0,593799.0,105812.0,542464.0,145085.0,2.0,0.0,0.0,0,29506.11
2021-09-15,45.4113727929065,1.9326193622085823,141.66095438446365,116.2401565878641,2.568221401728097,62.40094050842534,0.0,0.0,0.0,113213.0,14658.0,666541.0,125296.0,572853.0,97681.0,0.0,0.0,0.0,0,28887.26
2021-09-16,51.81696140058715,2.047713874440489,145.96544931894002,130.7803676543858,2.573026816610296,59.316052524249066,0.0,0.0,0.0,137210.0,21823.0,621263.0,174305.0,640436.0,84298.0,0.0,0.0,0.0,0,30061.77
2021-09-17,61.47515434909167,2.009058849483559,108.9405451443668,157.68194584344093,2.5342076363947985,60.591606758283454,0.0,0.0,0.0,119026.0,18575.0,351753.0,245416.0,621600.0,89374.0,0.0,0.0,0.0,0,22028.5
2021-09-18,20.722595559713127,1.932062956038197,82.15740896445848,174.47865287211394,2.5464227304674005,14.518965110543974,0.0,0.0,0.0,9955.0,13810.0,201059.0,233225.0,648533.0,184.0,0.0,0.0,0.0,0,23978.56
2021-09-19,13.48803196543446,1.9361593372072765,80.17375857276375,184.75626025882877,2.5996337334035107,0.26332528672278627,0.0,0.0,0.0,10804.0,12105.0,195429.0,255809.0,734211.0,55.0,0.0,0.0,0.0,0,14541.43
2021-09-20,14.433778913945178,2.0367601732720044,79.36797781732629,177.11728627445117,2.609872218753958,0.0,0.0,0.0,0.0,11485.0,18046.0,200557.0,174604.0,668121.0,55.0,0.0,0.0,0.0,0,24427.91
2021-09-21,14.032705338591379,2.0008474589572502,76.5237549298433,145.8758387837664,2.60039223285314,0.0,0.0,0.0,0.0,10334.0,12381.0,178280.0,29658.0,613341.0,78.0,0.0,0.0,0.0,0,26822.15
2021-09-22,14.244355748613428,1.9813704810869857,78.68314100828322,116.56632554462311,2.6184138577540845,0.0,0.0,0.0,0.0,12172.0,10411.0,187564.0,31353.0,674720.0,64.0,0.0,0.0,0.0,0,25582.53
2021-09-23,14.638760674243663,1.9995293314180693,77.2122958288948,101.418453161438,2.5647471066036194,0.0,0.0,0.0,0.0,14474.0,10699.0,179104.0,89308.0,248922.0,81.0,0.0,0.0,0.0,0,22745.05
2021-09-24,14.428041191817035,1.8946890226891606,73.69771774915472,98.47656622582545,2.482018368595411,0.0,0.0,0.0,0.0,18544.0,4622.0,175188.0,111069.0,145526.0,83.0,0.0,0.0,0.0,0,21312.13
2021-09-25,13.467612839456455,1.4794766197659042,70.77359028982562,99.98921724502794,2.418832700241268,0.0,0.0,0.0,0.0,15834.0,0.0,165383.0,137654.0,128865.0,62.0,0.0,0.0,0.0,0,19202.85
2021-09-26,13.472394635318514,0.0,74.8821187183613,99.4100725102622,2.418126954807598,0.0,0.0,0.0,0.0,18519.0,0.0,182258.0,125125.0,130850.0,77.0,0.0,0.0,0.0,0,24147.25
2021-09-27,11.81353996661178,0.0,75.204523286518,98.34205183688725,2.3992698086297146,0.0,0.0,0.0,0.0,10190.0,0.0,181798.0,126587.0,130173.0,110.0,0.0,0.0,0.0,0,21976.45
2021-09-28,2.760858725882246,0.0,71.58112209719525,104.46198468056765,2.3819425061149286,0.0,0.0,0.0,0.0,60.0,0.0,179377.0,193839.0,118612.0,74.0,0.0,0.0,0.0,0,23175.8
2021-09-29,0.0,0.0,58.57978781726858,120.69365711580159,2.381265512335918,0.0,0.0,0.0,0.0,64.0,0.0,101329.0,284775.0,114592.0,87.0,0.0,0.0,0.0,0,19471.7
2021-09-30,0.0,0.0,57.35398345303356,148.44625042478188,2.36961899158381,0.0,0.0,0.0,0.0,42.0,0.0,100268.0,414330.0,116473.0,85.0,0.0,0.0,0.0,0,18137.0
